ShapaId,TouchID,NumOfPointers,PointerID,Action,TimeSinceFirstTouch[ms],X[px],Y[px],Pressure[0-1],Size[0-1]
1,1,1,1,DOWN,0,573.55194,583.2397,0.027450982,0.22580644
1,1,1,1,MOVE,11,573.55194,582.1849,0.043137256,0.3548387
1,1,1,1,MOVE,28,573.55194,581.634,0.058823533,0.48387095
1,1,1,1,MOVE,45,573.55194,580.0824,0.08627451,0.7096774
1,1,1,1,MOVE,60,573.55194,579.6052,0.098039225,0.80645156
1,1,1,1,MOVE,77,573.55194,578.04895,0.121568635,1.0
1,1,1,1,MOVE,93,573.55194,577.5002,0.12941177,0.12903225
1,1,1,1,MOVE,110,573.55194,575.94855,0.14509805,0.12903225
1,1,1,1,MOVE,127,573.55194,575.39154,0.15294118,0.12903225
1,1,1,1,MOVE,143,573.55194,573.8424,0.16078432,0.16129032
1,1,1,1,MOVE,160,573.55194,573.2868,0.16470589,0.16129032
1,1,1,1,MOVE,176,573.55194,571.7327,0.17254902,0.16129032
1,1,1,1,MOVE,193,573.55194,570.1793,0.18039216,0.16129032
1,1,1,1,MOVE,209,573.55194,567.007,0.18039216,0.16129032
1,1,1,1,MOVE,226,573.55194,565.08167,0.18823531,0.19354838
1,1,1,1,MOVE,242,573.55194,561.7966,0.18823531,0.19354838
1,1,1,1,MOVE,259,573.55194,558.6947,0.18823531,0.19354838
1,1,1,1,MOVE,276,573.55194,553.735,0.18823531,0.19354838
1,1,1,1,MOVE,292,573.55194,549.083,0.18823531,0.19354838
1,1,1,1,MOVE,309,574.5063,543.46893,0.18823531,0.19354838
1,1,1,1,MOVE,325,575.0611,537.2557,0.18823531,0.19354838
1,1,1,1,MOVE,342,576.6201,529.9534,0.18823531,0.19354838
1,1,1,1,MOVE,358,578.1638,522.6226,0.18823531,0.19354838
1,1,1,1,MOVE,375,579.72003,513.28973,0.18823531,0.19354838
1,1,1,1,MOVE,392,581.27936,504.67047,0.18823531,0.19354838
1,1,1,1,MOVE,408,584.1205,495.61884,0.18823531,0.19354838
1,1,1,1,MOVE,425,585.3859,486.30127,0.18823531,0.19354838
1,1,1,1,MOVE,441,586.93304,478.4126,0.19215688,0.19354838
1,1,1,1,MOVE,458,588.4893,471.58316,0.19215688,0.19354838
1,1,1,1,MOVE,474,590.03906,463.8889,0.20000002,0.19354838
1,1,1,1,MOVE,491,590.53864,458.16278,0.20392159,0.19354838
1,1,1,1,MOVE,507,591.53784,451.33682,0.20392159,0.19354838
1,1,1,1,MOVE,524,592.70416,444.74405,0.20392159,0.19354838
1,1,1,1,MOVE,541,594.2585,436.80914,0.20784315,0.19354838
1,1,1,1,MOVE,557,595.81384,427.7582,0.21176472,0.19354838
1,1,1,1,MOVE,574,596.36835,420.27213,0.21176472,0.19354838
1,1,1,1,MOVE,590,597.9221,413.89453,0.21176472,0.19354838
1,1,1,1,MOVE,607,599.4758,404.74207,0.21176472,0.19354838
1,1,1,1,MOVE,623,601.0289,395.48383,0.21176472,0.19354838
1,1,1,1,MOVE,640,603.636,386.16345,0.21176472,0.19354838
1,1,1,1,MOVE,657,605.7455,377.84018,0.21176472,0.19354838
1,1,1,1,MOVE,673,607.68805,368.53143,0.21176472,0.19354838
1,1,1,1,MOVE,690,610.2395,359.9376,0.21176472,0.19354838
1,1,1,1,MOVE,706,611.78076,353.49182,0.21176472,0.19354838
1,1,1,1,MOVE,723,613.344,347.242,0.21176472,0.19354838
1,1,1,1,MOVE,739,614.902,339.63235,0.21176472,0.19354838
1,1,1,1,MOVE,756,616.4553,331.93246,0.21176472,0.19354838
1,1,1,1,MOVE,772,618.0104,324.09778,0.21568629,0.19354838
1,1,1,1,MOVE,789,619.5618,316.34402,0.21568629,0.19354838
1,1,1,1,MOVE,806,621.11597,309.17746,0.21960786,0.22580644
1,1,1,1,MOVE,822,622.66846,302.97034,0.22352943,0.22580644
1,1,1,1,MOVE,839,624.22363,296.75262,0.22352943,0.22580644
1,1,1,1,MOVE,855,625.7722,290.56113,0.22352943,0.22580644
1,1,1,1,MOVE,872,626.3292,284.33908,0.22352943,0.22580644
1,1,1,1,MOVE,888,626.51056,279.5067,0.23137257,0.22580644
1,1,1,1,MOVE,905,627.50977,274.84488,0.23529413,0.22580644
1,1,1,1,MOVE,922,627.50977,271.6659,0.24313727,0.22580644
1,1,1,1,MOVE,938,628.509,269.58612,0.2509804,0.2580645
1,1,1,1,MOVE,955,629.10016,266.45233,0.2509804,0.2580645
1,1,1,1,MOVE,971,629.5082,264.49298,0.2509804,0.2580645
1,1,1,1,MOVE,988,629.5082,262.93384,0.2509804,0.2580645
1,1,1,1,MOVE,1004,630.76465,260.12863,0.2509804,0.2580645
1,1,1,1,MOVE,1021,630.5074,257.8346,0.2509804,0.2580645
1,1,1,1,MOVE,1037,630.5074,254.91919,0.25882354,0.2580645
1,1,1,1,MOVE,1054,630.5074,253.73062,0.2627451,0.2580645
1,1,1,1,MOVE,1071,630.5074,253.6517,0.27058825,0.2580645
1,1,1,1,MOVE,1087,630.5074,251.62311,0.27450982,0.2580645
1,1,1,1,MOVE,1104,630.5074,251.0711,0.27450982,0.2580645
1,1,1,1,MOVE,1120,630.5074,249.5174,0.27450982,0.2580645
1,1,1,1,MOVE,1137,630.5074,248.96121,0.27450982,0.2580645
1,1,1,1,MOVE,1153,630.5074,247.4125,0.28235295,0.29032257
1,1,1,1,MOVE,1170,630.5074,246.85669,0.28627452,0.29032257
1,1,1,1,MOVE,1187,630.5074,245.30283,0.29411766,0.29032257
1,1,1,1,MOVE,1203,630.5074,244.74854,0.29803923,0.29032257
1,1,1,1,MOVE,1220,630.5074,243.19592,0.30588236,0.29032257
1,1,1,1,MOVE,1236,630.5074,240.61377,0.3137255,0.32258064
1,1,1,1,MOVE,1253,630.5074,239.09128,0.31764707,0.32258064
1,1,1,1,MOVE,1269,630.5074,237.54071,0.33333334,0.32258064
1,1,1,1,MOVE,1286,630.5074,236.98508,0.34117648,0.32258064
1,1,1,1,MOVE,1302,630.5074,235.43802,0.34901962,0.3548387
1,1,1,1,MOVE,1319,630.5074,234.87964,0.3529412,0.3548387
1,1,1,1,MOVE,1336,630.5074,233.32632,0.3647059,0.3548387
1,1,1,1,MOVE,1352,630.5074,232.77582,0.37254903,0.3548387
1,1,1,1,MOVE,1369,630.5074,231.21844,0.3921569,0.38709676
1,1,1,1,MOVE,1385,630.5074,230.66754,0.41176474,0.41935483
1,1,1,1,MOVE,1401,630.5074,229.18228,0.41960788,0.41935483
1,1,1,1,MOVE,1417,630.5074,229.68166,0.427451,0.41935483
1,1,1,1,MOVE,1435,630.5074,229.68166,0.44705886,0.4516129
1,1,1,1,MOVE,1466,630.5074,229.68166,0.45882356,0.4516129
1,1,1,1,MOVE,1485,630.5074,229.68166,0.4666667,0.4516129
1,1,1,1,MOVE,1514,630.5074,229.68166,0.46274513,0.4516129
1,1,1,1,MOVE,1534,630.5074,229.68166,0.43137258,0.41935483
1,1,1,1,MOVE,1567,630.5074,228.6829,0.43137258,0.41935483
1,1,1,1,MOVE,1584,630.5074,227.22849,0.41960788,0.41935483
1,1,1,1,MOVE,1601,630.5074,227.68414,0.43921572,0.4516129
1,1,1,1,MOVE,1627,630.5074,226.36154,0.454902,0.4516129
1,1,1,1,MOVE,1650,630.5074,226.6854,0.47058827,0.48387095
1,1,1,1,MOVE,1667,631.5276,225.66571,0.48235297,0.48387095
1,1,1,1,MOVE,1698,631.50665,224.35278,0.49411768,0.48387095
1,1,1,1,MOVE,1717,631.50665,224.6879,0.5058824,0.516129
1,1,1,1,MOVE,1746,632.841,223.35416,0.5137255,0.516129
1,1,1,1,MOVE,1766,632.50586,222.50975,0.52156866,0.516129
1,1,1,1,MOVE,1794,632.50586,222.6904,0.5294118,0.516129
1,1,1,1,MOVE,1816,633.76794,221.4289,0.53333336,0.54838705
1,1,1,1,MOVE,1842,633.50507,220.36073,0.5176471,0.516129
1,1,1,1,MOVE,1866,633.50507,220.69289,0.4901961,0.48387095
1,1,1,1,MOVE,1882,633.50507,219.66035,0.48235297,0.48387095
1,1,1,1,MOVE,1913,633.50507,219.69414,0.4784314,0.48387095
1,1,1,1,MOVE,1932,633.50507,219.69414,0.48235297,0.48387095
1,1,1,1,MOVE,1961,633.50507,218.36095,0.4666667,0.4516129
1,1,1,1,MOVE,1982,633.50507,218.69539,0.47450984,0.48387095
1,1,1,1,MOVE,2009,633.50507,218.69539,0.4431373,0.4516129
1,1,1,1,MOVE,2031,633.50507,218.69539,0.454902,0.4516129
1,1,1,1,MOVE,2056,633.50507,218.69539,0.47058827,0.48387095
1,1,1,1,MOVE,2080,633.50507,218.69539,0.4784314,0.48387095
1,1,1,1,MOVE,2097,633.50507,218.69539,0.48627454,0.48387095
1,1,1,1,MOVE,2128,633.50507,218.69539,0.4901961,0.48387095
1,1,1,1,MOVE,2147,633.50507,218.69539,0.49411768,0.48387095
1,1,1,1,MOVE,2175,633.50507,218.69539,0.49803925,0.48387095
1,1,1,1,MOVE,2197,633.50507,218.69539,0.5019608,0.516129
1,1,1,1,MOVE,2223,633.50507,218.69539,0.5058824,0.516129
1,1,1,1,MOVE,2246,633.50507,218.69539,0.5058824,0.516129
1,1,1,1,MOVE,2263,633.50507,218.69539,0.50980395,0.516129
1,1,1,1,MOVE,2294,633.50507,218.69539,0.50980395,0.516129
1,1,1,1,MOVE,2313,633.50507,218.69539,0.50980395,0.516129
1,1,1,1,MOVE,2341,633.50507,218.69539,0.50980395,0.516129
1,1,1,1,MOVE,2362,633.50507,218.69539,0.50980395,0.516129
1,1,1,1,MOVE,2389,633.50507,218.69539,0.50980395,0.516129
1,1,1,1,MOVE,2412,633.50507,218.69539,0.50980395,0.516129
1,1,1,1,MOVE,2429,633.50507,218.69539,0.50980395,0.516129
1,1,1,1,MOVE,2460,633.50507,218.69539,0.50980395,0.516129
1,1,1,1,MOVE,2478,633.50507,218.69539,0.50980395,0.516129
1,1,1,1,MOVE,2508,633.50507,218.69539,0.50980395,0.516129
1,1,1,1,MOVE,2528,633.50507,218.69539,0.50980395,0.516129
1,1,1,1,MOVE,2555,633.50507,218.69539,0.5058824,0.516129
1,1,1,1,MOVE,2578,633.50507,218.69539,0.5019608,0.516129
1,1,1,1,MOVE,2602,633.50507,218.69539,0.5019608,0.516129
1,1,1,1,MOVE,2626,633.50507,218.69539,0.49803925,0.48387095
1,1,1,1,MOVE,2644,633.50507,218.69539,0.48627454,0.48387095
1,1,1,1,MOVE,2674,633.50507,218.69539,0.47058827,0.48387095
1,1,1,1,MOVE,2694,633.50507,218.69539,0.45098042,0.4516129
1,1,1,1,MOVE,2721,633.50507,218.69539,0.46274513,0.4516129
1,1,1,1,MOVE,2743,633.50507,218.69539,0.45882356,0.4516129
1,1,1,1,MOVE,2769,633.50507,218.69539,0.43921572,0.4516129
1,1,1,1,MOVE,2792,633.50507,217.35695,0.39607847,0.38709676
1,1,1,1,UP,2810,633.50507,217.35695,0.39607847,0.38709676
2,1,1,1,DOWN,0,832.34973,645.1623,0.03529412,0.29032257
2,1,1,1,MOVE,20,832.34973,645.1623,0.058823533,0.48387095
2,1,1,1,MOVE,36,830.93463,645.1623,0.09411766,0.7741935
2,1,1,1,MOVE,53,830.38416,645.1623,0.10980393,0.9032258
2,1,1,1,MOVE,70,829.35205,645.1623,0.13333334,0.12903225
2,1,1,1,MOVE,86,828.2672,645.1623,0.15294118,0.12903225
2,1,1,1,MOVE,103,827.35364,644.5289,0.16078432,0.16129032
2,1,1,1,MOVE,119,826.1666,644.1636,0.1764706,0.16129032
2,1,1,1,MOVE,136,825.35516,642.42194,0.18039216,0.16129032
2,1,1,1,MOVE,152,824.05865,642.1661,0.18823531,0.19354838
2,1,1,1,MOVE,169,823.35675,640.3137,0.19215688,0.19354838
2,1,1,1,MOVE,186,821.95447,640.1686,0.20000002,0.19354838
2,1,1,1,MOVE,202,820.39355,638.20544,0.20392159,0.19354838
2,1,1,1,MOVE,218,818.8602,636.673,0.21176472,0.19354838
2,1,1,1,MOVE,235,817.28467,635.0981,0.21960786,0.22580644
2,1,1,1,MOVE,252,815.1227,631.93835,0.22352943,0.22580644
2,1,1,1,MOVE,268,812.0126,628.8297,0.23137257,0.22580644
2,1,1,1,MOVE,285,809.6333,625.7182,0.23529413,0.22580644
2,1,1,1,MOVE,301,808.07874,623.899,0.23529413,0.22580644
2,1,1,1,MOVE,318,806.522,622.34296,0.2392157,0.22580644
2,1,1,1,MOVE,335,804.973,620.7947,0.2392157,0.22580644
2,1,1,1,MOVE,351,802.4629,619.2396,0.2392157,0.22580644
2,1,1,1,MOVE,368,800.87427,617.69666,0.2392157,0.22580644
2,1,1,1,MOVE,384,797.24316,616.13153,0.2392157,0.22580644
2,1,1,1,MOVE,401,795.14087,614.58154,0.2392157,0.22580644
2,1,1,1,MOVE,417,792.04004,613.0319,0.24313727,0.22580644
2,1,1,1,MOVE,434,789.9312,611.4786,0.24313727,0.22580644
2,1,1,1,MOVE,450,786.8231,609.9253,0.24313727,0.22580644
2,1,1,1,MOVE,467,784.71423,607.5366,0.24313727,0.22580644
2,1,1,1,MOVE,484,780.228,605.82404,0.24705884,0.22580644
2,1,1,1,MOVE,500,775.61035,601.3793,0.24705884,0.22580644
2,1,1,1,MOVE,517,770.9032,598.2247,0.2509804,0.2580645
2,1,1,1,MOVE,533,765.2352,595.1136,0.2509804,0.2580645
2,1,1,1,MOVE,550,761.5797,593.0106,0.25490198,0.2580645
2,1,1,1,MOVE,566,758.08386,591.06805,0.2627451,0.2580645
2,1,1,1,MOVE,583,755.68994,589.5122,0.26666668,0.2580645
2,1,1,1,MOVE,600,751.6135,586.7026,0.27058825,0.2580645
2,1,1,1,MOVE,616,747.933,584.5829,0.27058825,0.2580645
2,1,1,1,MOVE,633,743.26764,582.85626,0.27450982,0.2580645
2,1,1,1,MOVE,649,739.622,580.3765,0.2784314,0.2580645
2,1,1,1,MOVE,666,734.9259,578.7453,0.28627452,0.29032257
2,1,1,1,MOVE,682,732.3296,576.1994,0.29411766,0.29032257
2,1,1,1,MOVE,699,729.2256,573.64935,0.29803923,0.29032257
2,1,1,1,MOVE,715,726.1232,570.94556,0.3019608,0.29032257
2,1,1,1,MOVE,732,723.3018,569.5458,0.3019608,0.29032257
2,1,1,1,MOVE,749,718.6488,566.7339,0.29803923,0.29032257
2,1,1,1,MOVE,765,711.1769,565.44507,0.29803923,0.29032257
2,1,1,1,MOVE,782,704.9574,563.8909,0.3019608,0.29032257
2,1,1,1,MOVE,798,699.65765,562.3339,0.30980393,0.29032257
2,1,1,1,MOVE,815,696.4864,560.78296,0.3254902,0.32258064
2,1,1,1,MOVE,831,694.4168,559.22906,0.34117648,0.32258064
2,1,1,1,MOVE,848,691.2699,557.67664,0.34509805,0.3548387
2,1,1,1,MOVE,865,689.31244,557.27216,0.34901962,0.3548387
2,1,1,1,MOVE,881,687.76337,555.575,0.34901962,0.3548387
2,1,1,1,MOVE,898,686.2154,554.0278,0.34901962,0.3548387
2,1,1,1,MOVE,914,683.6585,552.4708,0.3529412,0.3548387
2,1,1,1,MOVE,931,680.7411,550.91656,0.36862746,0.3548387
2,1,1,1,MOVE,947,679.5484,549.3613,0.37647063,0.38709676
2,1,1,1,MOVE,964,677.9965,547.8101,0.3921569,0.38709676
2,1,1,1,MOVE,981,676.44305,546.25745,0.40784317,0.41935483
2,1,1,1,MOVE,997,675.25836,545.07336,0.4156863,0.41935483
2,1,1,1,MOVE,1027,674.14685,543.96234,0.43529415,0.41935483
2,1,1,1,MOVE,1047,673.2956,544.2884,0.45098042,0.4516129
2,1,1,1,MOVE,1074,672.1396,542.95483,0.4666667,0.4516129
2,1,1,1,MOVE,1096,671.217,542.03253,0.47058827,0.48387095
2,1,1,1,MOVE,1122,670.14136,542.2909,0.47450984,0.48387095
2,1,1,1,MOVE,1146,669.142,540.9574,0.4784314,0.48387095
2,1,1,1,MOVE,1163,668.4509,539.2411,0.48235297,0.48387095
2,1,1,1,MOVE,1194,665.80865,537.96075,0.48627454,0.48387095
2,1,1,1,MOVE,1212,665.36444,536.0672,0.48235297,0.48387095
2,1,1,1,MOVE,1241,664.1434,533.62616,0.4784314,0.48387095
2,1,1,1,MOVE,1262,663.2715,531.8833,0.47450984,0.48387095
2,1,1,1,MOVE,1289,662.14325,529.62787,0.47058827,0.48387095
2,1,1,1,MOVE,1312,659.8468,527.6714,0.4666667,0.4516129
2,1,1,1,MOVE,1328,659.46533,527.2902,0.46274513,0.4516129
2,1,1,1,MOVE,1360,656.81213,524.63824,0.45882356,0.4516129
2,1,1,1,MOVE,1378,655.2618,523.0886,0.46274513,0.4516129
2,1,1,1,MOVE,1407,654.15186,521.9792,0.4666667,0.4516129
2,1,1,1,MOVE,1428,653.2956,521.1234,0.47450984,0.48387095
2,1,1,1,MOVE,1455,653.48944,519.98254,0.44705886,0.4516129
2,1,1,1,MOVE,1477,652.21246,519.042,0.427451,0.41935483
2,1,1,1,MOVE,1503,651.15656,517.9866,0.4156863,0.41935483
2,1,1,1,MOVE,1527,650.1606,515.66125,0.38431376,0.38709676
2,1,1,1,MOVE,1544,649.4542,515.2863,0.40000004,0.38709676
2,1,1,1,MOVE,1575,648.1597,513.99243,0.37647063,0.38709676
2,1,1,1,MOVE,1593,648.49335,513.20404,0.38823533,0.38709676
2,1,1,1,MOVE,1622,647.1575,511.99188,0.4039216,0.38709676
2,1,1,1,MOVE,1643,646.282,512.32837,0.41960788,0.41935483
2,1,1,1,MOVE,1670,646.49493,510.99548,0.43921572,0.4516129
2,1,1,1,MOVE,1693,645.2173,510.0526,0.45098042,0.4516129
2,1,1,1,MOVE,1718,644.16144,510.33087,0.46274513,0.4516129
2,1,1,1,MOVE,1742,644.49646,508.99756,0.47450984,0.48387095
2,1,1,1,MOVE,1759,643.44183,508.278,0.48235297,0.48387095
2,1,1,1,MOVE,1789,643.49725,508.33337,0.4901961,0.48387095
2,1,1,1,MOVE,1809,643.49725,508.33337,0.49803925,0.48387095
2,1,1,1,MOVE,1837,643.49725,508.33337,0.5058824,0.516129
2,1,1,1,MOVE,1858,642.2785,507.1151,0.5137255,0.516129
2,1,1,1,MOVE,1885,642.49805,507.3346,0.5176471,0.516129
2,1,1,1,MOVE,1908,642.49805,507.3346,0.4784314,0.48387095
2,1,1,1,MOVE,1933,642.49805,507.3346,0.48627454,0.48387095
2,1,1,1,MOVE,1957,642.49805,507.3346,0.4901961,0.48387095
2,1,1,1,MOVE,1974,642.49805,507.3346,0.49411768,0.48387095
2,1,1,1,MOVE,2004,642.49805,507.3346,0.4901961,0.48387095
2,1,1,1,MOVE,2024,642.49805,507.3346,0.4784314,0.48387095
2,1,1,1,MOVE,2052,642.49805,507.3346,0.46274513,0.4516129
2,1,1,1,MOVE,2074,642.49805,507.3346,0.45098042,0.4516129
2,1,1,1,MOVE,2099,642.49805,507.3346,0.43921572,0.4516129
2,1,1,1,MOVE,2123,642.49805,507.3346,0.43137258,0.41935483
2,1,1,1,MOVE,2140,642.49805,507.3346,0.42352945,0.41935483
2,1,1,1,MOVE,2170,642.49805,507.3346,0.4156863,0.41935483
2,1,1,1,MOVE,2190,642.49805,507.3346,0.41176474,0.41935483
2,1,1,1,MOVE,2218,642.49805,507.3346,0.40784317,0.41935483
2,1,1,1,MOVE,2239,642.49805,507.3346,0.4039216,0.38709676
2,1,1,1,MOVE,2265,642.49805,507.3346,0.40000004,0.38709676
2,1,1,1,MOVE,2289,642.49805,507.3346,0.39607847,0.38709676
2,1,1,1,MOVE,2306,642.49805,507.3346,0.3921569,0.38709676
2,1,1,1,MOVE,2336,642.49805,507.3346,0.38823533,0.38709676
2,1,1,1,MOVE,2355,642.49805,507.3346,0.38431376,0.38709676
2,1,1,1,MOVE,2383,642.49805,507.3346,0.3803922,0.38709676
2,1,1,1,MOVE,2405,642.49805,507.3346,0.37647063,0.38709676
2,1,1,1,MOVE,2430,642.49805,507.3346,0.3647059,0.3548387
2,1,1,1,MOVE,2454,642.49805,507.3346,0.3529412,0.3548387
2,1,1,1,MOVE,2471,642.49805,507.3346,0.34509805,0.3548387
2,1,1,1,MOVE,2502,642.49805,507.3346,0.34509805,0.3548387
2,1,1,1,MOVE,2521,642.49805,507.3346,0.34901962,0.3548387
2,1,1,1,MOVE,2549,642.49805,507.3346,0.34509805,0.3548387
2,1,1,1,MOVE,2571,642.49805,507.3346,0.32941177,0.32258064
2,1,1,1,MOVE,2596,642.49805,507.3346,0.32941177,0.32258064
2,1,1,1,MOVE,2620,642.49805,507.3346,0.32156864,0.32258064
2,1,1,1,MOVE,2637,642.49805,507.3346,0.30980393,0.29032257
2,1,1,1,MOVE,2667,642.49805,507.3346,0.28627452,0.29032257
2,1,1,1,MOVE,2686,641.3301,507.3346,0.2627451,0.2580645
2,1,1,1,MOVE,2714,640.15894,508.67395,0.2392157,0.22580644
2,1,1,1,MOVE,2736,639.2259,509.60645,0.22352943,0.22580644
2,1,1,1,UP,2755,639.2259,509.60645,0.22352943,0.22580644
3,1,1,1,DOWN,0,289.77362,661.14233,0.03137255,0.2580645
3,1,1,1,MOVE,18,288.77438,660.14355,0.04705883,0.38709676
3,1,1,1,MOVE,35,288.77438,660.14355,0.07450981,0.61290324
3,1,1,1,MOVE,51,288.77438,660.14355,0.08627451,0.7096774
3,1,1,1,MOVE,68,288.77438,660.14355,0.10980393,0.9032258
3,1,1,1,MOVE,84,288.77438,660.14355,0.121568635,1.0
3,1,1,1,MOVE,101,288.77438,660.14355,0.14509805,0.12903225
3,1,1,1,MOVE,117,288.77438,661.17596,0.16862746,0.16129032
3,1,1,1,MOVE,134,287.77518,662.7275,0.1764706,0.16129032
3,1,1,1,MOVE,151,286.6336,664.28094,0.19215688,0.19354838
3,1,1,1,MOVE,167,285.77673,664.1386,0.19607845,0.19354838
3,1,1,1,MOVE,184,284.5248,664.1386,0.20392159,0.19354838
3,1,1,1,MOVE,200,283.7783,664.1386,0.20784315,0.19354838
3,1,1,1,MOVE,217,282.41672,664.1386,0.21568629,0.19354838
3,1,1,1,MOVE,233,281.77985,664.1386,0.21568629,0.19354838
3,1,1,1,MOVE,250,280.3125,662.6719,0.21568629,0.19354838
3,1,1,1,MOVE,266,279.78143,662.1183,0.21568629,0.19354838
3,1,1,1,MOVE,283,278.2044,661.14233,0.21568629,0.19354838
3,1,1,1,MOVE,300,277.783,660.01086,0.22352943,0.22580644
3,1,1,1,MOVE,316,276.09763,658.459,0.227451,0.22580644
3,1,1,1,MOVE,333,274.5449,656.90704,0.23137257,0.22580644
3,1,1,1,MOVE,349,272.98813,653.5546,0.23137257,0.22580644
3,1,1,1,MOVE,366,271.43738,651.80347,0.23137257,0.22580644
3,1,1,1,MOVE,382,269.8836,648.3473,0.23137257,0.22580644
3,1,1,1,MOVE,399,268.33087,646.70087,0.23137257,0.22580644
3,1,1,1,MOVE,416,266.77713,643.1359,0.23137257,0.22580644
3,1,1,1,MOVE,432,265.2151,641.0121,0.23529413,0.22580644
3,1,1,1,MOVE,449,262.5378,637.91425,0.23529413,0.22580644
3,1,1,1,MOVE,465,260.4352,634.13416,0.23529413,0.22580644
3,1,1,1,MOVE,482,257.32996,629.47845,0.23529413,0.22580644
3,1,1,1,MOVE,498,255.2198,625.81525,0.23529413,0.22580644
3,1,1,1,MOVE,515,252.1463,621.2072,0.23529413,0.22580644
3,1,1,1,MOVE,532,250.89922,618.3863,0.2392157,0.22580644
3,1,1,1,MOVE,548,247.89421,615.2875,0.2392157,0.22580644
3,1,1,1,MOVE,565,245.81458,610.2159,0.2392157,0.22580644
3,1,1,1,MOVE,581,243.24445,606.51404,0.2392157,0.22580644
3,1,1,1,MOVE,598,240.57559,601.86176,0.2392157,0.22580644
3,1,1,1,MOVE,614,237.47368,596.5415,0.2392157,0.22580644
3,1,1,1,MOVE,631,234.37035,591.55945,0.24313727,0.22580644
3,1,1,1,MOVE,647,231.25267,585.8864,0.24705884,0.22580644
3,1,1,1,MOVE,664,228.15239,581.23816,0.24705884,0.22580644
3,1,1,1,MOVE,681,226.04214,576.5762,0.24705884,0.22580644
3,1,1,1,MOVE,697,224.37857,571.91547,0.24705884,0.22580644
3,1,1,1,MOVE,714,222.82341,567.2522,0.2509804,0.2580645
3,1,1,1,MOVE,730,220.71582,564.15186,0.25490198,0.2580645
3,1,1,1,MOVE,747,218.71985,561.0489,0.25882354,0.2580645
3,1,1,1,MOVE,763,217.16548,558.60565,0.2627451,0.2580645
3,1,1,1,MOVE,780,215.6077,554.60394,0.27058825,0.2580645
3,1,1,1,MOVE,797,214.05867,551.7309,0.27450982,0.2580645
3,1,1,1,MOVE,813,212.50739,549.9547,0.28235295,0.29032257
3,1,1,1,MOVE,830,210.95001,546.51526,0.28235295,0.29032257
3,1,1,1,MOVE,846,209.40181,544.85315,0.28235295,0.29032257
3,1,1,1,MOVE,863,207.84695,541.3108,0.28235295,0.29032257
3,1,1,1,MOVE,879,206.83841,539.19635,0.28235295,0.29032257
3,1,1,1,MOVE,896,205.73936,536.0989,0.28235295,0.29032257
3,1,1,1,MOVE,912,204.83997,533.9946,0.28627452,0.29032257
3,1,1,1,MOVE,929,203.62946,530.88226,0.29411766,0.29032257
3,1,1,1,MOVE,946,202.84152,529.5481,0.29803923,0.29032257
3,1,1,1,MOVE,962,201.52313,527.9893,0.3019608,0.29032257
3,1,1,1,MOVE,979,199.97177,526.4387,0.3019608,0.29032257
3,1,1,1,MOVE,995,198.41646,524.88416,0.3019608,0.29032257
3,1,1,1,MOVE,1012,197.86362,524.31335,0.3019608,0.29032257
3,1,1,1,MOVE,1028,196.8462,522.7788,0.3019608,0.29032257
3,1,1,1,MOVE,1045,195.76802,522.31586,0.31764707,0.32258064
3,1,1,1,MOVE,1062,194.84778,520.67487,0.3254902,0.32258064
3,1,1,1,MOVE,1078,193.65256,520.31836,0.34901962,0.3548387
3,1,1,1,MOVE,1095,193.84856,518.5672,0.36078432,0.3548387
3,1,1,1,MOVE,1111,192.54547,518.32086,0.37647063,0.38709676
3,1,1,1,MOVE,1128,191.97977,516.45294,0.38431376,0.38709676
3,1,1,1,MOVE,1144,191.85011,516.32336,0.40000004,0.38709676
3,1,1,1,MOVE,1161,191.85011,514.35443,0.40784317,0.41935483
3,1,1,1,MOVE,1177,191.85011,514.32587,0.427451,0.41935483
3,1,1,1,MOVE,1207,191.85011,514.32587,0.44705886,0.4516129
3,1,1,1,MOVE,1227,191.85011,514.32587,0.46274513,0.4516129
3,1,1,1,MOVE,1255,191.85011,514.32587,0.4784314,0.48387095
3,1,1,1,MOVE,1277,191.85011,514.32587,0.48235297,0.48387095
3,1,1,1,MOVE,1303,191.85011,514.32587,0.4901961,0.48387095
3,1,1,1,MOVE,1327,191.85011,514.32587,0.49803925,0.48387095
3,1,1,1,MOVE,1343,190.85089,513.3271,0.5058824,0.516129
3,1,1,1,MOVE,1360,190.85089,511.25494,0.5176471,0.516129
3,1,1,1,MOVE,1392,190.85089,511.3296,0.5254902,0.516129
3,1,1,1,MOVE,1409,190.85089,510.25665,0.53333336,0.54838705
3,1,1,1,MOVE,1439,190.85089,510.33087,0.5372549,0.54838705
3,1,1,1,MOVE,1459,190.85089,510.33087,0.5411765,0.54838705
3,1,1,1,MOVE,1487,190.85089,510.33087,0.54509807,0.54838705
3,1,1,1,MOVE,1509,190.85089,510.33087,0.54901963,0.54838705
3,1,1,1,MOVE,1535,190.85089,510.33087,0.5529412,0.54838705
3,1,1,1,MOVE,1558,190.85089,510.33087,0.5568628,0.54838705
3,1,1,1,MOVE,1575,190.85089,510.33087,0.56078434,0.54838705
3,1,1,1,MOVE,1606,190.85089,510.33087,0.56078434,0.54838705
3,1,1,1,MOVE,1625,190.85089,510.33087,0.56078434,0.54838705
3,1,1,1,MOVE,1654,190.85089,510.33087,0.56078434,0.54838705
3,1,1,1,MOVE,1674,190.85089,510.33087,0.56078434,0.54838705
3,1,1,1,MOVE,1702,190.85089,510.33087,0.53333336,0.54838705
3,1,1,1,MOVE,1724,190.85089,510.33087,0.5137255,0.516129
3,1,1,1,MOVE,1750,190.85089,510.33087,0.49803925,0.48387095
3,1,1,1,MOVE,1773,190.85089,510.33087,0.48627454,0.48387095
3,1,1,1,MOVE,1790,190.85089,510.33087,0.47450984,0.48387095
3,1,1,1,MOVE,1821,190.85089,510.33087,0.4666667,0.4516129
3,1,1,1,MOVE,1840,190.85089,510.33087,0.45882356,0.4516129
3,1,1,1,MOVE,1869,190.85089,510.33087,0.454902,0.4516129
3,1,1,1,MOVE,1890,190.85089,510.33087,0.45098042,0.4516129
3,1,1,1,MOVE,1917,190.85089,509.00146,0.42352945,0.41935483
3,1,1,1,MOVE,1939,190.85089,509.3321,0.43137258,0.41935483
3,1,1,1,MOVE,1965,190.85089,509.3321,0.43137258,0.41935483
3,1,1,1,MOVE,1988,190.85089,509.3321,0.41960788,0.41935483
3,1,1,1,MOVE,2006,190.85089,509.3321,0.40784317,0.41935483
3,1,1,1,MOVE,2036,190.85089,509.3321,0.4039216,0.38709676
3,1,1,1,MOVE,2055,190.85089,509.3321,0.40000004,0.38709676
3,1,1,1,MOVE,2084,190.85089,509.3321,0.39607847,0.38709676
3,1,1,1,MOVE,2105,190.85089,508.1104,0.36862746,0.3548387
3,1,1,1,MOVE,2131,190.85089,508.33337,0.37647063,0.38709676
3,1,1,1,MOVE,2155,190.85089,507.01324,0.3803922,0.38709676
3,1,1,1,MOVE,2171,190.85089,507.3346,0.3803922,0.38709676
3,1,1,1,MOVE,2202,190.85089,507.3346,0.38431376,0.38709676
3,1,1,1,MOVE,2221,190.85089,507.3346,0.38823533,0.38709676
3,1,1,1,MOVE,2250,190.85089,507.3346,0.3921569,0.38709676
3,1,1,1,MOVE,2271,190.85089,507.3346,0.39607847,0.38709676
3,1,1,1,MOVE,2297,190.85089,507.3346,0.39607847,0.38709676
3,1,1,1,MOVE,2320,190.85089,507.3346,0.39607847,0.38709676
3,1,1,1,MOVE,2345,190.85089,507.3346,0.39607847,0.38709676
3,1,1,1,MOVE,2369,190.85089,507.3346,0.39607847,0.38709676
3,1,1,1,MOVE,2387,190.85089,506.2591,0.40000004,0.38709676
3,1,1,1,MOVE,2416,190.85089,506.33582,0.41176474,0.41935483
3,1,1,1,MOVE,2436,190.85089,505.18237,0.42352945,0.41935483
3,1,1,1,MOVE,2464,190.85089,503.99994,0.427451,0.41935483
3,1,1,1,MOVE,2486,190.85089,504.33832,0.42352945,0.41935483
3,1,1,1,MOVE,2511,190.85089,504.33832,0.4156863,0.41935483
3,1,1,1,MOVE,2535,190.85089,503.003,0.41960788,0.41935483
3,1,1,1,MOVE,2552,190.85089,503.3396,0.427451,0.41935483
3,1,1,1,MOVE,2583,190.85089,502.0044,0.43137258,0.41935483
3,1,1,1,MOVE,2602,190.85089,502.34082,0.43529415,0.41935483
3,1,1,1,MOVE,2630,190.85089,502.34082,0.43921572,0.4516129
3,1,1,1,MOVE,2652,190.85089,502.34082,0.4431373,0.4516129
3,1,1,1,MOVE,2678,190.85089,502.34082,0.44705886,0.4516129
3,1,1,1,MOVE,2701,190.85089,502.34082,0.45098042,0.4516129
3,1,1,1,MOVE,2718,190.85089,502.34082,0.45098042,0.4516129
3,1,1,1,MOVE,2749,190.85089,502.34082,0.45098042,0.4516129
3,1,1,1,MOVE,2767,190.85089,502.34082,0.45098042,0.4516129
3,1,1,1,MOVE,2797,190.85089,502.34082,0.45098042,0.4516129
3,1,1,1,MOVE,2817,190.85089,502.34082,0.45098042,0.4516129
3,1,1,1,MOVE,2844,190.85089,502.34082,0.44705886,0.4516129
3,1,1,1,MOVE,2867,190.85089,502.34082,0.4431373,0.4516129
3,1,1,1,MOVE,2892,190.85089,502.34082,0.43921572,0.4516129
3,1,1,1,MOVE,2915,190.85089,502.34082,0.43921572,0.4516129
3,1,1,1,MOVE,2933,190.85089,502.34082,0.43921572,0.4516129
3,1,1,1,MOVE,2963,190.85089,502.34082,0.43921572,0.4516129
3,1,1,1,MOVE,2983,190.85089,502.34082,0.43529415,0.41935483
3,1,1,1,MOVE,3010,190.85089,502.34082,0.43137258,0.41935483
3,1,1,1,MOVE,3032,190.85089,502.34082,0.43137258,0.41935483
3,1,1,1,MOVE,3058,190.85089,502.34082,0.427451,0.41935483
3,1,1,1,MOVE,3082,190.85089,502.34082,0.42352945,0.41935483
3,1,1,1,MOVE,3099,190.85089,502.34082,0.4156863,0.41935483
3,1,1,1,MOVE,3129,190.85089,502.34082,0.40784317,0.41935483
3,1,1,1,MOVE,3148,190.85089,502.34082,0.4039216,0.38709676
3,1,1,1,MOVE,3177,190.85089,502.34082,0.39607847,0.38709676
3,1,1,1,MOVE,3198,190.85089,502.34082,0.38431376,0.38709676
3,1,1,1,MOVE,3224,190.85089,502.34082,0.37647063,0.38709676
3,1,1,1,MOVE,3248,190.85089,502.34082,0.36862746,0.3548387
3,1,1,1,MOVE,3264,190.85089,502.34082,0.36078432,0.3548387
3,1,1,1,MOVE,3295,190.85089,502.34082,0.35686275,0.3548387
3,1,1,1,MOVE,3314,190.85089,502.34082,0.34901962,0.3548387
3,1,1,1,MOVE,3343,190.85089,502.34082,0.34117648,0.32258064
3,1,1,1,MOVE,3364,190.85089,502.34082,0.33333334,0.32258064
3,1,1,1,MOVE,3390,190.85089,502.34082,0.3254902,0.32258064
3,1,1,1,MOVE,3413,190.85089,502.34082,0.32156864,0.32258064
3,1,1,1,MOVE,3430,190.85089,502.34082,0.31764707,0.32258064
3,1,1,1,MOVE,3461,190.85089,502.34082,0.31764707,0.32258064
3,1,1,1,MOVE,3480,190.85089,502.34082,0.31764707,0.32258064
3,1,1,1,MOVE,3509,190.85089,502.34082,0.3137255,0.32258064
3,1,1,1,MOVE,3529,190.85089,502.34082,0.30588236,0.29032257
3,1,1,1,MOVE,3556,190.85089,502.34082,0.29803923,0.29032257
3,1,1,1,MOVE,3579,190.85089,502.34082,0.29803923,0.29032257
3,1,1,1,MOVE,3604,190.85089,502.34082,0.29803923,0.29032257
3,1,1,1,MOVE,3627,190.85089,502.34082,0.33333334,0.32258064
3,1,1,1,MOVE,3645,190.85089,502.34082,0.34901962,0.3548387
3,1,1,1,MOVE,3675,190.85089,502.34082,0.3529412,0.3548387
3,1,1,1,MOVE,3695,190.85089,502.34082,0.3529412,0.3548387
3,1,1,1,MOVE,3722,190.85089,502.34082,0.34901962,0.3548387
3,1,1,1,MOVE,3745,190.85089,502.34082,0.34509805,0.3548387
3,1,1,1,MOVE,3769,190.85089,502.34082,0.34117648,0.32258064
3,1,1,1,MOVE,3793,190.85089,502.34082,0.3372549,0.32258064
3,1,1,1,MOVE,3811,190.85089,502.34082,0.32941177,0.32258064
3,1,1,1,MOVE,3840,190.85089,502.34082,0.30980393,0.29032257
3,1,1,1,UP,3857,190.85089,502.34082,0.30980393,0.29032257
4,1,1,1,DOWN,0,816.36224,597.2222,0.03137255,0.2580645
4,1,1,1,MOVE,27,815.363,596.2235,0.06666667,0.54838705
4,1,1,1,MOVE,43,815.363,595.22473,0.098039225,0.80645156
4,1,1,1,MOVE,60,815.363,595.22473,0.10980393,0.9032258
4,1,1,1,MOVE,76,815.363,594.06793,0.13333334,0.12903225
4,1,1,1,MOVE,93,815.363,593.5136,0.14117648,0.12903225
4,1,1,1,MOVE,110,815.363,593.22723,0.15686275,0.16129032
4,1,1,1,MOVE,126,815.363,591.4122,0.16470589,0.16129032
4,1,1,1,MOVE,143,815.363,591.22974,0.1764706,0.16129032
4,1,1,1,MOVE,159,815.363,589.3028,0.18039216,0.16129032
4,1,1,1,MOVE,176,815.363,589.23224,0.18823531,0.19354838
4,1,1,1,MOVE,192,815.363,587.19604,0.19607845,0.19354838
4,1,1,1,MOVE,209,815.363,586.63983,0.19607845,0.19354838
4,1,1,1,MOVE,226,815.363,585.0911,0.19607845,0.19354838
4,1,1,1,MOVE,242,817.76373,584.5368,0.19607845,0.19354838
4,1,1,1,MOVE,259,820.8655,582.9866,0.19607845,0.19354838
4,1,1,1,MOVE,275,826.78754,580.43207,0.20000002,0.19354838
4,1,1,1,MOVE,292,832.81323,577.51495,0.20784315,0.19354838
4,1,1,1,MOVE,308,837.1116,575.32776,0.20784315,0.19354838
4,1,1,1,MOVE,325,843.2409,572.3035,0.21568629,0.19354838
4,1,1,1,MOVE,341,847.435,570.22363,0.21568629,0.19354838
4,1,1,1,MOVE,358,852.5064,567.08746,0.21960786,0.22580644
4,1,1,1,MOVE,375,856.74634,565.12384,0.22352943,0.22580644
4,1,1,1,MOVE,391,860.4145,562.874,0.22352943,0.22580644
4,1,1,1,MOVE,408,866.3093,561.02094,0.227451,0.22580644
4,1,1,1,MOVE,424,873.3441,557.6611,0.227451,0.22580644
4,1,1,1,MOVE,441,881.1097,554.55634,0.227451,0.22580644
4,1,1,1,MOVE,457,889.8807,551.4491,0.23137257,0.22580644
4,1,1,1,MOVE,474,897.6231,548.3536,0.23137257,0.22580644
4,1,1,1,MOVE,491,909.46124,544.2394,0.23137257,0.22580644
4,1,1,1,MOVE,507,920.9108,539.558,0.23137257,0.22580644
4,1,1,1,MOVE,524,932.22845,536.0254,0.23137257,0.22580644
4,1,1,1,MOVE,540,942.39484,531.9268,0.23529413,0.22580644
4,1,1,1,MOVE,557,950.50037,530.0576,0.24313727,0.22580644
4,1,1,1,MOVE,573,954.6579,528.5069,0.24705884,0.22580644
4,1,1,1,MOVE,590,957.9614,526.95514,0.25490198,0.2580645
4,1,1,1,MOVE,606,961.9732,525.40375,0.25882354,0.2580645
4,1,1,1,MOVE,623,965.1725,523.8507,0.25882354,0.2580645
4,1,1,1,MOVE,640,970.29645,522.2977,0.25882354,0.2580645
4,1,1,1,MOVE,656,975.37866,520.7475,0.2627451,0.2580645
4,1,1,1,MOVE,673,979.63434,520.31836,0.27058825,0.2580645
4,1,1,1,MOVE,689,981.6104,518.63184,0.27450982,0.2580645
4,1,1,1,MOVE,706,983.46466,518.32086,0.2784314,0.2580645
4,1,1,1,MOVE,722,985.0235,517.52875,0.2784314,0.2580645
4,1,1,1,MOVE,739,986.57477,517.3221,0.2784314,0.2580645
4,1,1,1,MOVE,756,988.1304,516.32336,0.2784314,0.2580645
4,1,1,1,MOVE,772,989.6832,516.32336,0.2784314,0.2580645
4,1,1,1,MOVE,789,991.2374,515.3246,0.2784314,0.2580645
4,1,1,1,MOVE,805,992.79126,514.32587,0.2784314,0.2580645
4,1,1,1,MOVE,822,994.3406,513.20984,0.2784314,0.2580645
4,1,1,1,MOVE,838,995.89526,513.3271,0.2784314,0.2580645
4,1,1,1,MOVE,855,997.4462,513.3271,0.2784314,0.2580645
4,1,1,1,MOVE,871,999.00214,513.3271,0.28235295,0.29032257
4,1,1,1,MOVE,888,1000.5566,513.3271,0.28627452,0.29032257
4,1,1,1,MOVE,905,1002.1106,512.43475,0.28627452,0.29032257
4,1,1,1,MOVE,921,1003.6638,512.32837,0.28627452,0.29032257
4,1,1,1,MOVE,938,1009.2252,510.32745,0.28627452,0.29032257
4,1,1,1,MOVE,954,1015.9871,508.7766,0.28627452,0.29032257
4,1,1,1,MOVE,971,1022.6345,507.22638,0.2784314,0.2580645
4,1,1,1,MOVE,987,1026.204,506.33582,0.27450982,0.2580645
4,1,1,1,MOVE,1004,1028.4229,506.33582,0.27450982,0.2580645
4,1,1,1,MOVE,1021,1029.9701,506.33582,0.2784314,0.2580645
4,1,1,1,MOVE,1037,1031.5208,506.33582,0.28627452,0.29032257
4,1,1,1,MOVE,1054,1033.074,505.3371,0.29411766,0.29032257
4,1,1,1,MOVE,1070,1034.6323,505.3371,0.3019608,0.29032257
4,1,1,1,MOVE,1087,1036.184,505.3371,0.30588236,0.29032257
4,1,1,1,MOVE,1103,1037.7375,505.3371,0.30588236,0.29032257
4,1,1,1,MOVE,1120,1039.29,505.3371,0.30588236,0.29032257
4,1,1,1,MOVE,1136,1040.1874,505.3371,0.30588236,0.29032257
4,1,1,1,MOVE,1153,1041.4015,505.3371,0.30588236,0.29032257
4,1,1,1,MOVE,1170,1041.1865,504.57544,0.30980393,0.29032257
4,1,1,1,MOVE,1186,1041.1865,504.33832,0.3137255,0.32258064
4,1,1,1,MOVE,1203,1041.1865,504.33832,0.3137255,0.32258064
4,1,1,1,MOVE,1219,1041.1865,504.33832,0.31764707,0.32258064
4,1,1,1,MOVE,1236,1041.1865,503.3396,0.32156864,0.32258064
4,1,1,1,MOVE,1252,1041.1865,503.3396,0.32941177,0.32258064
4,1,1,1,MOVE,1269,1041.1865,503.3396,0.3372549,0.32258064
4,1,1,1,MOVE,1286,1041.1865,503.3396,0.34117648,0.32258064
4,1,1,1,MOVE,1302,1041.1865,503.3396,0.3529412,0.3548387
4,1,1,1,MOVE,1319,1041.1865,503.3396,0.35686275,0.3548387
4,1,1,1,MOVE,1335,1041.1865,503.3396,0.3647059,0.3548387
4,1,1,1,MOVE,1352,1041.1865,503.3396,0.37254903,0.3548387
4,1,1,1,MOVE,1368,1041.1865,503.3396,0.3803922,0.38709676
4,1,1,1,MOVE,1385,1041.1865,503.3396,0.38823533,0.38709676
4,1,1,1,MOVE,1401,1041.1865,503.3396,0.40000004,0.38709676
4,1,1,1,MOVE,1418,1041.1865,503.3396,0.41176474,0.41935483
4,1,1,1,MOVE,1435,1041.1865,503.3396,0.41960788,0.41935483
4,1,1,1,MOVE,1451,1041.1865,503.3396,0.43529415,0.41935483
4,1,1,1,MOVE,1468,1041.1865,503.3396,0.4431373,0.4516129
4,1,1,1,MOVE,1484,1041.1865,503.3396,0.454902,0.4516129
4,1,1,1,MOVE,1501,1041.1865,503.3396,0.45882356,0.4516129
4,1,1,1,MOVE,1512,1041.1865,503.3396,0.47058827,0.48387095
4,1,1,1,MOVE,1534,1041.1865,503.3396,0.45098042,0.4516129
4,1,1,1,MOVE,1562,1041.1865,502.0069,0.4666667,0.4516129
4,1,1,1,MOVE,1584,1042.4401,502.34082,0.4784314,0.48387095
4,1,1,1,MOVE,1609,1042.1858,501.00726,0.4901961,0.48387095
4,1,1,1,MOVE,1633,1042.1858,501.3421,0.47450984,0.48387095
4,1,1,1,MOVE,1650,1042.1858,501.3421,0.48235297,0.48387095
4,1,1,1,MOVE,1681,1042.1858,500.0063,0.48627454,0.48387095
4,1,1,1,MOVE,1700,1042.1858,500.34332,0.4901961,0.48387095
4,1,1,1,MOVE,1728,1042.1858,500.34332,0.49411768,0.48387095
4,1,1,1,MOVE,1749,1042.1858,500.34332,0.49803925,0.48387095
4,1,1,1,MOVE,1776,1042.1858,500.34332,0.49803925,0.48387095
4,1,1,1,MOVE,1799,1042.1858,500.34332,0.49803925,0.48387095
4,1,1,1,MOVE,1816,1042.1858,500.34332,0.5058824,0.516129
4,1,1,1,MOVE,1847,1042.1858,500.34332,0.5137255,0.516129
4,1,1,1,MOVE,1865,1042.1858,500.34332,0.52156866,0.516129
4,1,1,1,MOVE,1895,1042.1858,500.34332,0.5294118,0.516129
4,1,1,1,MOVE,1915,1042.1858,500.34332,0.53333336,0.54838705
4,1,1,1,MOVE,1942,1042.1858,500.34332,0.5019608,0.516129
4,1,1,1,MOVE,1965,1042.1858,499.0622,0.47450984,0.48387095
4,1,1,1,MOVE,1990,1042.1858,499.3446,0.45098042,0.4516129
4,1,1,1,MOVE,2013,1042.1858,499.3446,0.43137258,0.41935483
4,1,1,1,MOVE,2031,1042.1858,499.3446,0.4156863,0.41935483
4,1,1,1,MOVE,2061,1042.1858,498.01117,0.40784317,0.41935483
4,1,1,1,MOVE,2081,1042.1858,498.34583,0.40000004,0.38709676
4,1,1,1,MOVE,2108,1042.1858,498.34583,0.3921569,0.38709676
4,1,1,1,MOVE,2130,1042.1858,498.34583,0.38431376,0.38709676
4,1,1,1,MOVE,2156,1042.1858,498.34583,0.38431376,0.38709676
4,1,1,1,MOVE,2180,1042.1858,498.34583,0.38823533,0.38709676
4,1,1,1,MOVE,2196,1042.1858,498.34583,0.38823533,0.38709676
4,1,1,1,MOVE,2228,1042.1858,498.34583,0.38823533,0.38709676
4,1,1,1,MOVE,2246,1042.1858,498.34583,0.3921569,0.38709676
4,1,1,1,MOVE,2275,1042.1858,498.34583,0.39607847,0.38709676
4,1,1,1,MOVE,2296,1042.1858,498.34583,0.40000004,0.38709676
4,1,1,1,MOVE,2322,1042.1858,498.34583,0.39607847,0.38709676
4,1,1,1,MOVE,2345,1042.1858,498.34583,0.38823533,0.38709676
4,1,1,1,MOVE,2362,1042.1858,498.34583,0.3803922,0.38709676
4,1,1,1,MOVE,2394,1042.1858,498.34583,0.37254903,0.3548387
4,1,1,1,MOVE,2412,1042.1858,498.34583,0.36862746,0.3548387
4,1,1,1,MOVE,2441,1042.1858,498.34583,0.3647059,0.3548387
4,1,1,1,MOVE,2461,1042.1858,498.34583,0.3921569,0.38709676
4,1,1,1,MOVE,2489,1042.1858,498.34583,0.4156863,0.41935483
4,1,1,1,MOVE,2511,1042.1858,498.34583,0.427451,0.41935483
4,1,1,1,MOVE,2536,1042.1858,498.34583,0.43137258,0.41935483
4,1,1,1,MOVE,2560,1042.1858,498.34583,0.427451,0.41935483
4,1,1,1,MOVE,2577,1042.1858,498.34583,0.42352945,0.41935483
4,1,1,1,MOVE,2607,1042.1858,498.34583,0.41960788,0.41935483
4,1,1,1,MOVE,2627,1042.1858,498.34583,0.41176474,0.41935483
4,1,1,1,MOVE,2654,1042.1858,498.34583,0.4039216,0.38709676
4,1,1,1,MOVE,2677,1042.1858,498.34583,0.39607847,0.38709676
4,1,1,1,MOVE,2701,1042.1858,498.34583,0.38431376,0.38709676
4,1,1,1,MOVE,2725,1042.1858,498.34583,0.37254903,0.3548387
4,1,1,1,MOVE,2743,1042.1858,498.34583,0.34901962,0.3548387
4,1,1,1,UP,2755,1042.1858,498.34583,0.34901962,0.3548387
TPS: 10
Test was not completed
