ShapaId,TouchID,NumOfPointers,PointerID,Action,TimeSinceFirstTouch[ms],X[px],Y[px],Pressure[0-1],Size[0-1]
1,1,1,1,DOWN,0,431.66275,511.3296,0.039215688,0.32258064
1,1,1,1,MOVE,17,431.66275,511.3296,0.07058824,0.58064514
1,1,1,1,MOVE,33,431.66275,511.3296,0.13725491,0.12903225
1,1,1,1,MOVE,50,431.66275,511.3296,0.16862746,0.16129032
1,1,1,1,MOVE,66,431.66275,511.3296,0.227451,0.22580644
1,1,1,1,MOVE,83,431.66275,511.3296,0.2509804,0.2580645
1,1,1,1,MOVE,99,431.66275,511.3296,0.2901961,0.29032257
1,1,1,1,MOVE,116,432.55405,511.3296,0.30588236,0.29032257
1,1,1,1,MOVE,132,434.09198,509.90027,0.33333334,0.32258064
1,1,1,1,MOVE,149,435.6537,509.33807,0.34509805,0.3548387
1,1,1,1,MOVE,165,437.19928,508.33337,0.3647059,0.3548387
1,1,1,1,MOVE,182,438.74976,507.2422,0.3803922,0.38709676
1,1,1,1,MOVE,199,440.95697,505.6859,0.38823533,0.38709676
1,1,1,1,MOVE,215,445.2361,502.9508,0.40000004,0.38709676
1,1,1,1,MOVE,232,451.6508,500.84088,0.4039216,0.38709676
1,1,1,1,MOVE,248,457.83643,496.45264,0.41176474,0.41935483
1,1,1,1,MOVE,265,465.92136,491.78278,0.4156863,0.41935483
1,1,1,1,MOVE,281,475.07306,485.73215,0.427451,0.41935483
1,1,1,1,MOVE,298,485.35995,479.5184,0.43137258,0.41935483
1,1,1,1,MOVE,314,493.7404,473.29306,0.43921572,0.4516129
1,1,1,1,MOVE,331,503.01868,466.04312,0.44705886,0.4516129
1,1,1,1,MOVE,348,512.33813,458.28058,0.44705886,0.4516129
1,1,1,1,MOVE,364,521.70374,449.2958,0.44705886,0.4516129
1,1,1,1,MOVE,381,530.95654,441.0461,0.45098042,0.4516129
1,1,1,1,MOVE,397,538.9295,431.80838,0.45098042,0.4516129
1,1,1,1,MOVE,414,547.7229,423.45844,0.45098042,0.4516129
1,1,1,1,MOVE,430,554.0859,415.55087,0.45098042,0.4516129
1,1,1,1,MOVE,447,561.3072,406.77814,0.45098042,0.4516129
1,1,1,1,MOVE,464,567.4928,397.56763,0.45098042,0.4516129
1,1,1,1,MOVE,480,573.6755,389.29666,0.45098042,0.4516129
1,1,1,1,MOVE,497,578.91327,380.94427,0.45098042,0.4516129
1,1,1,1,MOVE,513,585.14325,371.60373,0.45098042,0.4516129
1,1,1,1,MOVE,530,591.63983,362.31186,0.454902,0.4516129
1,1,1,1,MOVE,546,596.2683,354.30228,0.46274513,0.4516129
1,1,1,1,MOVE,563,600.93256,344.7337,0.4666667,0.4516129
1,1,1,1,MOVE,580,605.5992,335.40494,0.4666667,0.4516129
1,1,1,1,MOVE,596,609.34576,328.00415,0.4666667,0.4516129
1,1,1,1,MOVE,613,613.9303,320.21866,0.47058827,0.48387095
1,1,1,1,MOVE,629,616.56506,312.46143,0.47058827,0.48387095
1,1,1,1,MOVE,646,620.65063,304.749,0.47058827,0.48387095
1,1,1,1,MOVE,662,623.75,298.12146,0.47058827,0.48387095
1,1,1,1,MOVE,679,626.86237,291.89963,0.47058827,0.48387095
1,1,1,1,MOVE,695,629.94867,285.7299,0.47450984,0.48387095
1,1,1,1,MOVE,712,633.0803,279.46964,0.47450984,0.48387095
1,1,1,1,MOVE,729,636.15826,274.6426,0.48235297,0.48387095
1,1,1,1,MOVE,745,638.3869,268.97568,0.48627454,0.48387095
1,1,1,1,MOVE,762,639.9379,264.32468,0.4901961,0.48387095
1,1,1,1,MOVE,778,641.49927,260.64166,0.49803925,0.48387095
1,1,1,1,MOVE,795,642.49805,256.55728,0.5019608,0.516129
1,1,1,1,MOVE,811,643.6073,253.43173,0.50980395,0.516129
1,1,1,1,MOVE,828,643.49725,251.3446,0.5137255,0.516129
1,1,1,1,MOVE,844,644.6881,248.27478,0.5176471,0.516129
1,1,1,1,MOVE,861,644.49646,246.89981,0.5176471,0.516129
1,1,1,1,MOVE,878,644.49646,245.3628,0.5254902,0.516129
1,1,1,1,MOVE,894,644.49646,244.80035,0.5254902,0.516129
1,1,1,1,MOVE,911,644.49646,243.25012,0.5294118,0.516129
1,1,1,1,MOVE,927,644.49646,242.69647,0.53333336,0.54838705
1,1,1,1,MOVE,944,644.49646,241.66669,0.5411765,0.54838705
1,1,1,1,MOVE,960,644.49646,240.59991,0.54901963,0.54838705
1,1,1,1,MOVE,977,644.49646,239.66916,0.5529412,0.54838705
1,1,1,1,MOVE,994,644.49646,238.48972,0.56078434,0.54838705
1,1,1,1,MOVE,1010,644.49646,237.67166,0.56078434,0.54838705
1,1,1,1,MOVE,1027,644.49646,236.40283,0.56078434,0.54838705
1,1,1,1,MOVE,1043,644.49646,235.67416,0.56078434,0.54838705
1,1,1,1,MOVE,1060,644.49646,234.28366,0.56078434,0.54838705
1,1,1,1,MOVE,1076,644.49646,233.67667,0.56078434,0.54838705
1,1,1,1,MOVE,1093,644.49646,233.67667,0.56078434,0.54838705
1,1,1,1,MOVE,1109,644.49646,232.63742,0.56078434,0.54838705
1,1,1,1,MOVE,1126,644.49646,232.67792,0.56078434,0.54838705
1,1,1,1,MOVE,1143,644.49646,232.67792,0.56078434,0.54838705
1,1,1,1,MOVE,1159,644.49646,232.67792,0.56078434,0.54838705
1,1,1,1,MOVE,1176,644.49646,232.67792,0.56078434,0.54838705
1,1,1,1,MOVE,1192,644.49646,232.67792,0.56078434,0.54838705
1,1,1,1,MOVE,1209,644.49646,232.67792,0.56078434,0.54838705
1,1,1,1,MOVE,1225,644.49646,231.75995,0.56078434,0.54838705
1,1,1,1,MOVE,1242,644.49646,231.67917,0.56078434,0.54838705
1,1,1,1,MOVE,1259,644.49646,230.64865,0.56078434,0.54838705
1,1,1,1,MOVE,1275,644.49646,230.6804,0.56078434,0.54838705
1,1,1,1,MOVE,1292,644.49646,230.6804,0.56078434,0.54838705
1,1,1,1,MOVE,1308,644.49646,229.68166,0.56078434,0.54838705
1,1,1,1,MOVE,1325,644.49646,229.68166,0.56078434,0.54838705
1,1,1,1,MOVE,1341,644.49646,229.68166,0.56078434,0.54838705
1,1,1,1,MOVE,1358,644.49646,228.34573,0.56078434,0.54838705
1,1,1,1,MOVE,1374,644.49646,228.6829,0.56078434,0.54838705
1,1,1,1,MOVE,1391,644.49646,227.24103,0.56078434,0.54838705
1,1,1,1,MOVE,1408,644.49646,227.68414,0.56078434,0.54838705
1,1,1,1,MOVE,1424,644.49646,226.6854,0.56078434,0.54838705
1,1,1,1,MOVE,1441,644.49646,226.6854,0.56078434,0.54838705
1,1,1,1,MOVE,1457,644.49646,226.6854,0.56078434,0.54838705
1,1,1,1,MOVE,1474,644.49646,226.6854,0.56078434,0.54838705
1,1,1,1,MOVE,1490,644.49646,226.6854,0.56078434,0.54838705
1,1,1,1,MOVE,1507,644.49646,226.6854,0.56078434,0.54838705
1,1,1,1,MOVE,1524,644.49646,226.6854,0.56078434,0.54838705
1,1,1,1,MOVE,1540,644.49646,226.6854,0.56078434,0.54838705
1,1,1,1,MOVE,1557,644.49646,226.6854,0.56078434,0.54838705
1,1,1,1,MOVE,1573,644.49646,226.6854,0.56078434,0.54838705
1,1,1,1,MOVE,1590,644.49646,226.6854,0.56078434,0.54838705
1,1,1,1,MOVE,1606,644.49646,226.6854,0.56078434,0.54838705
1,1,1,1,MOVE,1623,644.49646,226.6854,0.56078434,0.54838705
1,1,1,1,MOVE,1640,644.49646,226.6854,0.56078434,0.54838705
1,1,1,1,MOVE,1656,644.49646,226.6854,0.56078434,0.54838705
1,1,1,1,MOVE,1673,644.49646,226.6854,0.56078434,0.54838705
1,1,1,1,MOVE,1689,644.49646,226.6854,0.56078434,0.54838705
1,1,1,1,MOVE,1706,644.49646,226.6854,0.56078434,0.54838705
1,1,1,1,MOVE,1722,644.49646,226.6854,0.56078434,0.54838705
1,1,1,1,MOVE,1739,644.49646,226.6854,0.56078434,0.54838705
1,1,1,1,MOVE,1755,644.49646,226.0721,0.56078434,0.54838705
1,1,1,1,MOVE,1772,644.49646,225.68665,0.56078434,0.54838705
1,1,1,1,MOVE,1789,644.49646,225.68665,0.56078434,0.54838705
1,1,1,1,MOVE,1805,644.49646,225.68665,0.56078434,0.54838705
1,1,1,1,MOVE,1822,644.49646,225.68665,0.56078434,0.54838705
1,1,1,1,MOVE,1838,644.49646,225.68665,0.56078434,0.54838705
1,1,1,1,MOVE,1855,644.49646,224.6879,0.56078434,0.54838705
1,1,1,1,MOVE,1871,644.49646,224.6879,0.56078434,0.54838705
1,1,1,1,MOVE,1888,644.49646,223.68915,0.56078434,0.54838705
1,1,1,1,MOVE,1904,644.49646,223.68915,0.56078434,0.54838705
1,1,1,1,MOVE,1921,644.49646,223.68915,0.56078434,0.54838705
1,1,1,1,MOVE,1938,644.49646,223.68915,0.56078434,0.54838705
1,1,1,1,MOVE,1954,644.49646,223.68915,0.56078434,0.54838705
1,1,1,1,MOVE,1971,644.49646,223.68915,0.56078434,0.54838705
1,1,1,1,MOVE,1987,644.49646,223.68915,0.56078434,0.54838705
1,1,1,1,MOVE,2004,644.49646,223.68915,0.56078434,0.54838705
1,1,1,1,MOVE,2020,644.49646,223.68915,0.56078434,0.54838705
1,1,1,1,MOVE,2037,644.49646,223.68915,0.56078434,0.54838705
1,1,1,1,MOVE,2054,644.49646,223.68915,0.56078434,0.54838705
1,1,1,1,MOVE,2070,644.49646,223.68915,0.56078434,0.54838705
1,1,1,1,MOVE,2087,644.49646,223.68915,0.56078434,0.54838705
1,1,1,1,MOVE,2103,644.49646,223.68915,0.56078434,0.54838705
1,1,1,1,MOVE,2120,644.49646,223.68915,0.56078434,0.54838705
1,1,1,1,MOVE,2136,644.49646,223.68915,0.56078434,0.54838705
1,1,1,1,MOVE,2153,644.49646,223.68915,0.56078434,0.54838705
1,1,1,1,MOVE,2170,644.49646,223.68915,0.56078434,0.54838705
1,1,1,1,MOVE,2186,644.49646,223.68915,0.56078434,0.54838705
1,1,1,1,MOVE,2203,644.49646,223.68915,0.56078434,0.54838705
1,1,1,1,MOVE,2219,644.49646,223.68915,0.56078434,0.54838705
1,1,1,1,MOVE,2236,644.49646,223.68915,0.56078434,0.54838705
1,1,1,1,MOVE,2252,644.49646,223.68915,0.56078434,0.54838705
1,1,1,1,MOVE,2269,643.49725,223.68915,0.56078434,0.54838705
1,1,1,1,MOVE,2285,643.49725,223.68915,0.56078434,0.54838705
1,1,1,1,MOVE,2302,642.6288,223.68915,0.56078434,0.54838705
1,1,1,1,MOVE,2319,642.49805,223.68915,0.56078434,0.54838705
1,1,1,1,MOVE,2335,642.49805,223.68915,0.56078434,0.54838705
1,1,1,1,MOVE,2352,642.49805,223.68915,0.56078434,0.54838705
1,1,1,1,MOVE,2368,642.49805,223.68915,0.56078434,0.54838705
1,1,1,1,MOVE,2385,642.49805,223.68915,0.56078434,0.54838705
1,1,1,1,MOVE,2401,642.49805,223.68915,0.56078434,0.54838705
1,1,1,1,MOVE,2418,642.49805,223.68915,0.56078434,0.54838705
1,1,1,1,MOVE,2434,642.49805,223.68915,0.56078434,0.54838705
1,1,1,1,MOVE,2451,642.49805,223.68915,0.56078434,0.54838705
1,1,1,1,MOVE,2468,642.49805,223.68915,0.56078434,0.54838705
1,1,1,1,MOVE,2484,642.49805,223.68915,0.56078434,0.54838705
1,1,1,1,MOVE,2501,642.49805,223.68915,0.56078434,0.54838705
1,1,1,1,MOVE,2517,642.49805,223.68915,0.56078434,0.54838705
1,1,1,1,MOVE,2534,642.49805,223.68915,0.56078434,0.54838705
1,1,1,1,MOVE,2550,642.49805,223.68915,0.56078434,0.54838705
1,1,1,1,MOVE,2567,642.49805,223.68915,0.56078434,0.54838705
1,1,1,1,MOVE,2583,642.49805,223.68915,0.56078434,0.54838705
1,1,1,1,MOVE,2600,642.49805,223.68915,0.56078434,0.54838705
1,1,1,1,MOVE,2617,642.49805,223.68915,0.56078434,0.54838705
1,1,1,1,MOVE,2633,642.49805,223.68915,0.56078434,0.54838705
1,1,1,1,MOVE,2650,642.49805,223.68915,0.56078434,0.54838705
1,1,1,1,MOVE,2666,642.49805,223.68915,0.56078434,0.54838705
1,1,1,1,MOVE,2683,642.49805,223.68915,0.56078434,0.54838705
1,1,1,1,MOVE,2699,642.49805,223.68915,0.56078434,0.54838705
1,1,1,1,MOVE,2716,642.49805,223.68915,0.56078434,0.54838705
1,1,1,1,MOVE,2733,642.49805,223.68915,0.56078434,0.54838705
1,1,1,1,MOVE,2749,642.49805,223.68915,0.56078434,0.54838705
1,1,1,1,MOVE,2766,642.49805,223.68915,0.56078434,0.54838705
1,1,1,1,MOVE,2782,642.49805,223.68915,0.56078434,0.54838705
1,1,1,1,MOVE,2799,642.49805,223.68915,0.56078434,0.54838705
1,1,1,1,MOVE,2815,642.49805,223.68915,0.56078434,0.54838705
1,1,1,1,MOVE,2832,642.49805,223.68915,0.56078434,0.54838705
1,1,1,1,MOVE,2849,642.49805,223.68915,0.56078434,0.54838705
1,1,1,1,MOVE,2859,642.49805,223.68915,0.56078434,0.54838705
1,1,1,1,MOVE,2882,642.49805,223.68915,0.56078434,0.54838705
1,1,1,1,MOVE,2908,642.49805,223.68915,0.56078434,0.54838705
1,1,1,1,MOVE,2931,642.49805,223.68915,0.56078434,0.54838705
1,1,1,1,MOVE,2948,642.49805,223.68915,0.56078434,0.54838705
1,1,1,1,MOVE,2980,642.49805,222.35727,0.56078434,0.54838705
1,1,1,1,MOVE,2998,642.49805,222.6904,0.56078434,0.54838705
1,1,1,1,MOVE,3027,642.49805,222.6904,0.54509807,0.54838705
1,1,1,1,MOVE,3047,642.49805,222.6904,0.54509807,0.54838705
1,1,1,1,MOVE,3075,642.49805,222.6904,0.5294118,0.516129
1,1,1,1,MOVE,3097,642.49805,222.6904,0.5058824,0.516129
1,1,1,1,MOVE,3122,641.1598,222.6904,0.48235297,0.48387095
1,1,1,1,MOVE,3146,641.49884,222.6904,0.45882356,0.4516129
1,1,1,1,MOVE,3163,641.49884,222.6904,0.43921572,0.4516129
1,1,1,1,MOVE,3193,641.49884,222.6904,0.42352945,0.41935483
1,1,1,1,MOVE,3213,641.49884,222.6904,0.40784317,0.41935483
1,1,1,1,MOVE,3241,640.16144,222.6904,0.3921569,0.38709676
1,1,1,1,MOVE,3263,640.49963,222.6904,0.3803922,0.38709676
1,1,1,1,MOVE,3288,640.49963,222.6904,0.36862746,0.3548387
1,1,1,1,MOVE,3311,640.49963,222.6904,0.35686275,0.3548387
1,1,1,1,MOVE,3329,640.49963,222.6904,0.34901962,0.3548387
1,1,1,1,MOVE,3359,640.49963,222.6904,0.34117648,0.32258064
1,1,1,1,MOVE,3379,640.49963,222.6904,0.33333334,0.32258064
1,1,1,1,MOVE,3406,640.49963,222.6904,0.3254902,0.32258064
1,1,1,1,MOVE,3428,640.49963,222.6904,0.31764707,0.32258064
1,1,1,1,UP,3436,640.49963,222.6904,0.31764707,0.32258064
2,1,1,2,DOWN,0,253.80171,423.43945,0.054901965,0.4516129
2,1,1,2,MOVE,21,253.80171,423.43945,0.14509805,0.12903225
2,1,1,2,MOVE,37,253.80171,423.43945,0.18431373,0.16129032
2,1,1,2,MOVE,54,253.80171,423.43945,0.24705884,0.22580644
2,1,1,2,MOVE,70,253.80171,423.43945,0.27450982,0.2580645
2,1,1,2,MOVE,87,254.98683,423.43945,0.31764707,0.32258064
2,1,1,2,MOVE,103,256.528,424.4382,0.3372549,0.32258064
2,1,1,2,MOVE,120,258.0667,424.4382,0.36862746,0.3548387
2,1,1,2,MOVE,137,261.28503,426.26563,0.3803922,0.38709676
2,1,1,2,MOVE,153,265.94012,427.81665,0.4039216,0.38709676
2,1,1,2,MOVE,170,271.5938,431.3003,0.41176474,0.41935483
2,1,1,2,MOVE,186,276.24973,434.4028,0.427451,0.41935483
2,1,1,2,MOVE,203,284.9735,438.53827,0.43921572,0.4516129
2,1,1,2,MOVE,219,297.5333,443.2019,0.4431373,0.4516129
2,1,1,2,MOVE,236,311.14838,449.0259,0.45098042,0.4516129
2,1,1,2,MOVE,252,324.07092,454.2117,0.454902,0.4516129
2,1,1,2,MOVE,269,337.94144,459.12997,0.45882356,0.4516129
2,1,1,2,MOVE,286,356.40805,463.8106,0.46274513,0.4516129
2,1,1,2,MOVE,302,373.61838,467.09586,0.46274513,0.4516129
2,1,1,2,MOVE,319,388.6833,470.19684,0.46274513,0.4516129
2,1,1,2,MOVE,335,405.93658,473.33234,0.47058827,0.48387095
2,1,1,2,MOVE,352,422.95682,476.43066,0.4784314,0.48387095
2,1,1,2,MOVE,368,436.7358,477.93546,0.4784314,0.48387095
2,1,1,2,MOVE,385,450.7019,480.60223,0.4784314,0.48387095
2,1,1,2,MOVE,402,462.04205,482.0416,0.48235297,0.48387095
2,1,1,2,MOVE,418,473.1645,483.58347,0.4901961,0.48387095
2,1,1,2,MOVE,435,484.27362,485.13766,0.4901961,0.48387095
2,1,1,2,MOVE,451,493.53357,485.36206,0.4901961,0.48387095
2,1,1,2,MOVE,468,502.0224,487.2426,0.4901961,0.48387095
2,1,1,2,MOVE,484,511.1828,487.35956,0.4901961,0.48387095
2,1,1,2,MOVE,501,518.5484,489.34778,0.4901961,0.48387095
2,1,1,2,MOVE,517,527.33716,490.35583,0.49411768,0.48387095
2,1,1,2,MOVE,534,535.0149,491.44104,0.49411768,0.48387095
2,1,1,2,MOVE,551,543.14856,491.35455,0.49411768,0.48387095
2,1,1,2,MOVE,567,549.35547,492.54926,0.49411768,0.48387095
2,1,1,2,MOVE,584,555.56714,492.35333,0.49411768,0.48387095
2,1,1,2,MOVE,600,561.7273,493.6432,0.49411768,0.48387095
2,1,1,2,MOVE,617,567.1,493.35205,0.49411768,0.48387095
2,1,1,2,MOVE,633,571.7625,494.75342,0.49803925,0.48387095
2,1,1,2,MOVE,650,575.4009,494.35083,0.49803925,0.48387095
2,1,1,2,MOVE,667,580.0469,494.35083,0.49803925,0.48387095
2,1,1,2,MOVE,683,583.6348,495.34955,0.49803925,0.48387095
2,1,1,2,MOVE,700,588.3672,496.95654,0.49803925,0.48387095
2,1,1,2,MOVE,716,594.1869,498.50842,0.5019608,0.516129
2,1,1,2,MOVE,733,597.66345,499.0551,0.5019608,0.516129
2,1,1,2,MOVE,749,601.04156,499.3446,0.5019608,0.516129
2,1,1,2,MOVE,766,604.9649,501.15485,0.5058824,0.516129
2,1,1,2,MOVE,783,608.2701,502.71295,0.5058824,0.516129
2,1,1,2,MOVE,799,612.29144,504.26166,0.5058824,0.516129
2,1,1,2,MOVE,816,615.46204,505.80792,0.50980395,0.516129
2,1,1,2,MOVE,832,618.57544,507.3639,0.50980395,0.516129
2,1,1,2,MOVE,849,621.66003,508.90552,0.50980395,0.516129
2,1,1,2,MOVE,865,624.75397,510.45178,0.50980395,0.516129
2,1,1,2,MOVE,882,627.8768,512.0124,0.50980395,0.516129
2,1,1,2,MOVE,898,630.9443,513.5454,0.50980395,0.516129
2,1,1,2,MOVE,915,634.0622,515.10364,0.50980395,0.516129
2,1,1,2,MOVE,931,637.1677,516.6557,0.50980395,0.516129
2,1,1,2,MOVE,948,638.3843,518.204,0.50980395,0.516129
2,1,1,2,MOVE,965,639.9421,518.32086,0.50980395,0.516129
2,1,1,2,MOVE,981,641.494,519.31964,0.50980395,0.516129
2,1,1,2,MOVE,998,643.04,520.86005,0.50980395,0.516129
2,1,1,2,MOVE,1014,643.49725,522.40247,0.50980395,0.516129
2,1,1,2,MOVE,1031,644.49646,523.95966,0.50980395,0.516129
2,1,1,2,MOVE,1047,644.49646,525.49774,0.5176471,0.516129
2,1,1,2,MOVE,1064,645.4957,527.05347,0.5176471,0.516129
2,1,1,2,MOVE,1081,645.4957,528.60284,0.5176471,0.516129
2,1,1,2,MOVE,1097,646.49493,530.15375,0.52156866,0.516129
2,1,1,2,MOVE,1114,646.49493,531.7075,0.5294118,0.516129
2,1,1,2,MOVE,1130,646.49493,532.2551,0.53333336,0.54838705
2,1,1,2,MOVE,1147,646.49493,532.8064,0.5372549,0.54838705
2,1,1,2,MOVE,1163,646.49493,534.34937,0.5411765,0.54838705
2,1,1,2,MOVE,1180,646.49493,534.3009,0.5411765,0.54838705
2,1,1,2,MOVE,1197,646.49493,534.3009,0.54509807,0.54838705
2,1,1,2,MOVE,1213,646.49493,534.3009,0.54901963,0.54838705
2,1,1,2,MOVE,1230,646.49493,534.3009,0.5568628,0.54838705
2,1,1,2,MOVE,1246,646.49493,534.3009,0.56078434,0.54838705
2,1,1,2,MOVE,1263,646.49493,534.3009,0.56078434,0.54838705
2,1,1,2,MOVE,1279,646.49493,534.3009,0.56078434,0.54838705
2,1,1,2,MOVE,1296,646.49493,534.3009,0.56078434,0.54838705
2,1,1,2,MOVE,1312,646.49493,534.3009,0.56078434,0.54838705
2,1,1,2,MOVE,1329,646.49493,534.3009,0.56078434,0.54838705
2,1,1,2,MOVE,1346,646.49493,534.3009,0.56078434,0.54838705
2,1,1,2,MOVE,1362,646.49493,534.3009,0.56078434,0.54838705
2,1,1,2,MOVE,1379,646.49493,534.3009,0.56078434,0.54838705
2,1,1,2,MOVE,1395,646.49493,534.3009,0.56078434,0.54838705
2,1,1,2,MOVE,1412,646.49493,534.3009,0.56078434,0.54838705
2,1,1,2,MOVE,1428,646.49493,534.3009,0.56078434,0.54838705
2,1,1,2,MOVE,1445,646.49493,534.3009,0.56078434,0.54838705
2,1,1,2,MOVE,1462,646.49493,534.3009,0.56078434,0.54838705
2,1,1,2,MOVE,1478,646.49493,534.3009,0.56078434,0.54838705
2,1,1,2,MOVE,1495,646.49493,534.3009,0.56078434,0.54838705
2,1,1,2,MOVE,1511,646.49493,534.3009,0.56078434,0.54838705
2,1,1,2,MOVE,1528,646.49493,534.3009,0.56078434,0.54838705
2,1,1,2,MOVE,1544,646.49493,534.3009,0.56078434,0.54838705
2,1,1,2,MOVE,1561,646.49493,534.3009,0.56078434,0.54838705
2,1,1,2,MOVE,1577,646.49493,534.3009,0.56078434,0.54838705
2,1,1,2,MOVE,1594,646.49493,534.3009,0.56078434,0.54838705
2,1,1,2,MOVE,1611,646.49493,534.3009,0.56078434,0.54838705
2,1,1,2,MOVE,1627,646.49493,534.3009,0.56078434,0.54838705
2,1,1,2,MOVE,1644,646.49493,534.3009,0.56078434,0.54838705
2,1,1,2,MOVE,1660,646.49493,534.3009,0.56078434,0.54838705
2,1,1,2,MOVE,1677,646.49493,534.3009,0.56078434,0.54838705
2,1,1,2,MOVE,1693,646.49493,534.3009,0.56078434,0.54838705
2,1,1,2,MOVE,1710,646.49493,534.3009,0.56078434,0.54838705
2,1,1,2,MOVE,1723,646.49493,534.3009,0.56078434,0.54838705
2,1,1,2,MOVE,1739,646.49493,534.3009,0.56078434,0.54838705
2,1,1,2,MOVE,1760,646.49493,535.41296,0.56078434,0.54838705
2,1,1,2,MOVE,1789,646.49493,537.96576,0.56078434,0.54838705
2,1,1,2,MOVE,1809,646.49493,542.0977,0.56078434,0.54838705
2,1,1,2,MOVE,1836,647.8274,545.2877,0.5568628,0.54838705
2,1,1,2,MOVE,1859,647.49414,548.1164,0.5529412,0.54838705
2,1,1,2,MOVE,1884,647.49414,551.2833,0.5529412,0.54838705
2,1,1,2,MOVE,1908,647.49414,552.9512,0.5529412,0.54838705
2,1,1,2,MOVE,1925,647.49414,553.3234,0.50980395,0.516129
2,1,1,2,MOVE,1956,647.49414,554.6118,0.5019608,0.516129
2,1,1,2,MOVE,1975,647.49414,554.27594,0.48627454,0.48387095
2,1,1,2,MOVE,2003,647.49414,555.6126,0.45882356,0.4516129
2,1,1,2,MOVE,2025,647.49414,555.27466,0.43529415,0.41935483
2,1,1,2,MOVE,2050,647.49414,556.61084,0.40784317,0.41935483
2,1,1,2,MOVE,2074,647.49414,556.27344,0.38431376,0.38709676
2,1,1,2,MOVE,2091,647.49414,556.27344,0.36078432,0.3548387
2,1,1,2,MOVE,2121,647.49414,557.61145,0.34117648,0.32258064
2,1,1,2,MOVE,2140,647.49414,557.27216,0.3254902,0.32258064
2,1,1,2,MOVE,2169,647.49414,557.27216,0.30980393,0.29032257
2,1,1,2,MOVE,2190,647.49414,558.51,0.29803923,0.29032257
2,1,1,2,MOVE,2217,647.49414,558.27094,0.2901961,0.29032257
2,1,1,2,MOVE,2240,647.49414,558.27094,0.28235295,0.29032257
2,1,1,2,MOVE,2256,647.49414,559.2949,0.27450982,0.2580645
2,1,1,2,MOVE,2288,647.49414,559.26965,0.26666668,0.2580645
2,1,1,2,MOVE,2306,647.49414,559.26965,0.2627451,0.2580645
2,1,1,2,MOVE,2335,647.49414,560.60455,0.25882354,0.2580645
2,1,1,2,MOVE,2356,647.49414,560.26843,0.25490198,0.2580645
2,1,1,2,MOVE,2383,647.49414,560.26843,0.2509804,0.2580645
2,1,1,2,MOVE,2406,647.49414,561.5696,0.24705884,0.22580644
2,1,1,2,MOVE,2422,647.49414,561.26715,0.24313727,0.22580644
2,1,1,2,MOVE,2454,647.49414,561.26715,0.2392157,0.22580644
2,1,1,2,MOVE,2472,647.49414,562.3462,0.23529413,0.22580644
2,1,1,2,MOVE,2501,647.49414,562.2659,0.23529413,0.22580644
2,1,1,2,MOVE,2521,647.49414,562.2659,0.23529413,0.22580644
2,1,1,2,MOVE,2549,647.49414,563.60095,0.23529413,0.22580644
2,1,1,2,MOVE,2571,647.49414,564.5587,0.227451,0.22580644
2,1,1,2,MOVE,2596,647.49414,565.6,0.21960786,0.22580644
2,1,1,2,MOVE,2619,647.49414,567.9377,0.20784315,0.19354838
2,1,1,2,MOVE,2637,647.49414,569.4441,0.20000002,0.19354838
2,1,1,2,MOVE,2667,647.49414,571.92883,0.19215688,0.19354838
2,1,1,2,MOVE,2687,647.49414,572.4488,0.18431373,0.16129032
2,1,1,2,MOVE,2714,647.49414,574.9285,0.1764706,0.16129032
2,1,1,2,MOVE,2737,647.49414,575.5451,0.16862746,0.16129032
2,1,1,2,MOVE,2761,647.49414,576.58673,0.16470589,0.16129032
2,1,1,2,MOVE,2785,647.49414,576.2485,0.16078432,0.16129032
2,1,1,2,MOVE,2803,647.49414,576.2485,0.15686275,0.16129032
2,1,1,2,MOVE,2832,647.49414,577.58545,0.15294118,0.12903225
2,1,1,2,MOVE,2853,647.49414,577.2472,0.14901961,0.12903225
2,1,1,2,MOVE,2880,647.49414,577.2472,0.14509805,0.12903225
2,1,1,2,MOVE,2902,647.49414,578.5565,0.14117648,0.12903225
2,1,1,2,MOVE,2919,647.49414,578.246,0.14117648,0.12903225
2,1,1,2,MOVE,2950,647.49414,578.246,0.14117648,0.12903225
2,1,1,2,MOVE,2969,647.49414,579.3561,0.14117648,0.12903225
2,1,1,2,MOVE,2998,647.49414,579.2447,0.14117648,0.12903225
2,1,1,2,MOVE,3018,647.49414,579.2447,0.14117648,0.12903225
2,1,1,2,MOVE,3045,647.49414,580.58093,0.14117648,0.12903225
2,1,1,2,MOVE,3068,647.49414,580.24347,0.14117648,0.12903225
2,1,1,2,MOVE,3085,647.49414,580.24347,0.14117648,0.12903225
2,1,1,2,MOVE,3116,647.49414,581.582,0.14117648,0.12903225
2,1,1,2,MOVE,3134,647.49414,581.2422,0.14117648,0.12903225
2,1,1,2,MOVE,3163,647.49414,581.2422,0.14117648,0.12903225
2,1,1,2,MOVE,3184,647.49414,582.46326,0.14117648,0.12903225
2,1,1,2,MOVE,3210,647.49414,582.24097,0.14117648,0.12903225
2,1,1,2,MOVE,3234,647.49414,582.24097,0.14117648,0.12903225
2,1,1,2,MOVE,3250,647.49414,583.2592,0.14117648,0.12903225
2,1,1,2,MOVE,3281,647.49414,583.2397,0.13725491,0.12903225
2,1,1,2,MOVE,3300,647.49414,583.2397,0.13725491,0.12903225
2,1,1,2,MOVE,3329,647.49414,584.57776,0.13725491,0.12903225
2,1,1,2,MOVE,3350,647.49414,584.23846,0.13725491,0.12903225
2,1,1,2,MOVE,3376,647.49414,584.23846,0.13725491,0.12903225
2,1,1,2,MOVE,3399,647.49414,585.5791,0.13725491,0.12903225
2,1,1,2,MOVE,3416,647.49414,585.23724,0.13725491,0.12903225
2,1,1,2,MOVE,3447,647.49414,585.23724,0.13725491,0.12903225
2,1,1,2,MOVE,3466,647.49414,585.23724,0.13725491,0.12903225
2,1,1,2,MOVE,3494,647.49414,585.23724,0.13725491,0.12903225
2,1,1,2,MOVE,3515,647.49414,585.23724,0.13725491,0.12903225
2,1,1,2,MOVE,3541,647.49414,585.23724,0.13725491,0.12903225
2,1,1,2,MOVE,3565,647.49414,585.23724,0.13725491,0.12903225
2,1,1,2,MOVE,3582,647.49414,585.23724,0.13725491,0.12903225
2,1,1,2,MOVE,3612,647.49414,585.23724,0.13725491,0.12903225
2,1,1,2,MOVE,3631,647.49414,585.23724,0.13725491,0.12903225
2,1,1,2,MOVE,3659,647.49414,585.23724,0.13725491,0.12903225
2,1,1,2,MOVE,3681,647.49414,585.23724,0.13725491,0.12903225
2,1,1,2,MOVE,3707,647.49414,585.23724,0.13725491,0.12903225
2,1,1,2,MOVE,3730,646.15375,585.23724,0.13725491,0.12903225
2,1,1,2,MOVE,3747,646.49493,585.23724,0.13725491,0.12903225
2,1,1,2,MOVE,3777,646.49493,585.23724,0.13725491,0.12903225
2,1,1,2,MOVE,3797,646.49493,586.39197,0.13725491,0.12903225
2,1,1,2,MOVE,3825,646.49493,586.23596,0.13725491,0.12903225
2,1,1,2,MOVE,3847,646.49493,586.23596,0.13725491,0.12903225
2,1,1,2,MOVE,3872,646.49493,586.23596,0.13725491,0.12903225
2,1,1,2,MOVE,3896,646.49493,586.23596,0.13725491,0.12903225
2,1,1,2,MOVE,3913,646.49493,586.23596,0.13725491,0.12903225
2,1,1,2,MOVE,3943,646.49493,586.23596,0.13725491,0.12903225
2,1,1,2,MOVE,3962,646.49493,586.23596,0.13333334,0.12903225
2,1,1,2,MOVE,3990,646.49493,586.23596,0.12941177,0.12903225
2,1,1,2,MOVE,4012,646.49493,586.23596,0.1254902,0.12903225
2,1,1,2,MOVE,4037,646.49493,586.23596,0.121568635,1.0
2,1,1,2,MOVE,4061,646.49493,586.23596,0.11764707,0.9677419
2,1,1,2,MOVE,4078,646.49493,586.23596,0.10980393,0.9032258
2,1,1,2,UP,4102,646.49493,586.23596,0.10980393,0.9032258
3,1,1,3,DOWN,0,478.62607,579.2447,0.050980397,0.41935483
3,1,1,3,MOVE,17,477.62686,579.2447,0.09019608,0.7419355
3,1,1,3,MOVE,34,476.39966,579.2447,0.16470589,0.16129032
3,1,1,3,MOVE,50,475.62842,579.2447,0.19607845,0.19354838
3,1,1,3,MOVE,66,473.12427,579.2447,0.24705884,0.22580644
3,1,1,3,MOVE,83,470.99878,579.2447,0.26666668,0.2580645
3,1,1,3,MOVE,99,467.91943,579.2447,0.30588236,0.29032257
3,1,1,3,MOVE,116,465.8072,579.2447,0.32156864,0.32258064
3,1,1,3,MOVE,132,462.70734,579.2447,0.34901962,0.3548387
3,1,1,3,MOVE,149,460.5827,580.24347,0.37254903,0.3548387
3,1,1,3,MOVE,165,458.0673,580.81757,0.3803922,0.38709676
3,1,1,3,MOVE,182,455.39886,581.2422,0.39607847,0.38709676
3,1,1,3,MOVE,198,452.96948,581.2422,0.4039216,0.38709676
3,1,1,3,MOVE,215,450.17484,581.2422,0.41960788,0.41935483
3,1,1,3,MOVE,232,447.8684,581.2422,0.42352945,0.41935483
3,1,1,3,MOVE,248,444.99054,581.2422,0.427451,0.41935483
3,1,1,3,MOVE,265,442.78116,581.2422,0.427451,0.41935483
3,1,1,3,MOVE,281,439.77658,581.2422,0.43137258,0.41935483
3,1,1,3,MOVE,298,437.6615,581.2422,0.43137258,0.41935483
3,1,1,3,MOVE,314,434.57916,580.24347,0.43137258,0.41935483
3,1,1,3,MOVE,331,432.55777,579.1405,0.43137258,0.41935483
3,1,1,3,MOVE,348,429.3685,579.2447,0.43529415,0.41935483
3,1,1,3,MOVE,364,427.47607,579.2447,0.43529415,0.41935483
3,1,1,3,MOVE,381,423.41852,579.2447,0.43921572,0.4516129
3,1,1,3,MOVE,397,420.08463,579.2447,0.43921572,0.4516129
3,1,1,3,MOVE,414,416.96204,578.246,0.43921572,0.4516129
3,1,1,3,MOVE,430,413.86877,578.246,0.43921572,0.4516129
3,1,1,3,MOVE,447,410.7585,577.2472,0.43921572,0.4516129
3,1,1,3,MOVE,463,407.66574,577.2472,0.43921572,0.4516129
3,1,1,3,MOVE,480,403.52707,577.2472,0.43921572,0.4516129
3,1,1,3,MOVE,497,399.8425,576.63293,0.43921572,0.4516129
3,1,1,3,MOVE,513,395.14645,576.2485,0.4431373,0.4516129
3,1,1,3,MOVE,530,392.24042,575.2497,0.4431373,0.4516129
3,1,1,3,MOVE,546,389.16748,573.98706,0.4431373,0.4516129
3,1,1,3,MOVE,563,386.87497,573.2522,0.4431373,0.4516129
3,1,1,3,MOVE,579,382.55112,571.87054,0.4431373,0.4516129
3,1,1,3,MOVE,596,379.85236,571.2547,0.4431373,0.4516129
3,1,1,3,MOVE,613,378.21954,569.77155,0.4431373,0.4516129
3,1,1,3,MOVE,629,372.62732,569.2572,0.4431373,0.4516129
3,1,1,3,MOVE,646,367.9427,567.66925,0.4431373,0.4516129
3,1,1,3,MOVE,662,363.2918,567.2597,0.4431373,0.4516129
3,1,1,3,MOVE,679,358.65027,566.2609,0.4431373,0.4516129
3,1,1,3,MOVE,695,354.00848,565.0242,0.4431373,0.4516129
3,1,1,3,MOVE,712,349.34457,565.2622,0.4431373,0.4516129
3,1,1,3,MOVE,728,343.33536,563.91473,0.4431373,0.4516129
3,1,1,3,MOVE,745,337.13458,563.3641,0.4431373,0.4516129
3,1,1,3,MOVE,762,329.47437,561.81287,0.4431373,0.4516129
3,1,1,3,MOVE,778,323.6635,561.2463,0.44705886,0.4516129
3,1,1,3,MOVE,795,316.5164,560.26843,0.44705886,0.4516129
3,1,1,3,MOVE,811,308.01834,559.1463,0.44705886,0.4516129
3,1,1,3,MOVE,828,300.45032,559.26965,0.44705886,0.4516129
3,1,1,3,MOVE,844,293.92252,558.05927,0.44705886,0.4516129
3,1,1,3,MOVE,861,285.92804,558.27094,0.44705886,0.4516129
3,1,1,3,MOVE,877,279.52454,558.27094,0.44705886,0.4516129
3,1,1,3,MOVE,894,270.41086,557.3964,0.45098042,0.4516129
3,1,1,3,MOVE,911,262.66583,557.27216,0.454902,0.4516129
3,1,1,3,MOVE,927,255.85721,557.27216,0.45882356,0.4516129
3,1,1,3,MOVE,944,249.67996,556.7416,0.46274513,0.4516129
3,1,1,3,MOVE,960,243.48729,556.27344,0.46274513,0.4516129
3,1,1,3,MOVE,977,239.52835,556.27344,0.46274513,0.4516129
3,1,1,3,MOVE,994,236.43391,556.27344,0.4666667,0.4516129
3,1,1,3,MOVE,1010,234.06964,555.27466,0.47058827,0.48387095
3,1,1,3,MOVE,1027,231.24562,555.27466,0.47450984,0.48387095
3,1,1,3,MOVE,1043,228.96262,554.41724,0.47450984,0.48387095
3,1,1,3,MOVE,1060,226.01166,554.27594,0.47450984,0.48387095
3,1,1,3,MOVE,1076,223.8613,553.27716,0.47450984,0.48387095
3,1,1,3,MOVE,1093,220.82747,551.77905,0.47450984,0.48387095
3,1,1,3,MOVE,1109,218.76959,551.27966,0.47450984,0.48387095
3,1,1,3,MOVE,1126,215.6013,550.6653,0.47450984,0.48387095
3,1,1,3,MOVE,1143,213.65082,550.2809,0.47450984,0.48387095
3,1,1,3,MOVE,1159,210.38898,549.28217,0.4784314,0.48387095
3,1,1,3,MOVE,1176,208.56569,548.0123,0.48235297,0.48387095
3,1,1,3,MOVE,1192,205.18393,547.45654,0.48235297,0.48387095
3,1,1,3,MOVE,1209,203.45654,547.28467,0.48235297,0.48387095
3,1,1,3,MOVE,1225,201.90279,546.2859,0.48627454,0.48387095
3,1,1,3,MOVE,1242,201.34937,545.2872,0.49411768,0.48387095
3,1,1,3,MOVE,1258,199.81354,544.25806,0.49803925,0.48387095
3,1,1,3,MOVE,1275,199.24063,544.2884,0.5019608,0.516129
3,1,1,3,MOVE,1292,197.68442,544.2884,0.5058824,0.516129
3,1,1,3,MOVE,1308,197.14308,543.2897,0.50980395,0.516129
3,1,1,3,MOVE,1325,195.60005,543.2897,0.5137255,0.516129
3,1,1,3,MOVE,1341,195.03552,542.2909,0.5176471,0.516129
3,1,1,3,MOVE,1358,193.49457,540.93835,0.52156866,0.516129
3,1,1,3,MOVE,1374,192.93216,541.2922,0.5254902,0.516129
3,1,1,3,MOVE,1391,191.37526,541.2922,0.5294118,0.516129
3,1,1,3,MOVE,1408,190.82123,541.2922,0.5372549,0.54838705
3,1,1,3,MOVE,1424,189.85168,541.2922,0.5411765,0.54838705
3,1,1,3,MOVE,1441,188.72739,541.2922,0.54901963,0.54838705
3,1,1,3,MOVE,1457,188.85246,541.2922,0.5529412,0.54838705
3,1,1,3,MOVE,1474,188.85246,540.06824,0.56078434,0.54838705
3,1,1,3,MOVE,1490,188.85246,540.2934,0.56078434,0.54838705
3,1,1,3,MOVE,1507,188.85246,540.2934,0.56078434,0.54838705
3,1,1,3,MOVE,1523,188.85246,540.2934,0.56078434,0.54838705
3,1,1,3,MOVE,1540,188.85246,540.2934,0.56078434,0.54838705
3,1,1,3,MOVE,1557,188.85246,540.2934,0.56078434,0.54838705
3,1,1,3,MOVE,1573,188.85246,540.2934,0.56078434,0.54838705
3,1,1,3,MOVE,1590,188.85246,540.2934,0.56078434,0.54838705
3,1,1,3,MOVE,1606,188.85246,540.2934,0.56078434,0.54838705
3,1,1,3,MOVE,1623,188.85246,540.2934,0.56078434,0.54838705
3,1,1,3,MOVE,1639,188.85246,540.2934,0.56078434,0.54838705
3,1,1,3,MOVE,1656,188.85246,540.2934,0.56078434,0.54838705
3,1,1,3,MOVE,1673,188.85246,540.2934,0.56078434,0.54838705
3,1,1,3,MOVE,1689,188.85246,540.2934,0.56078434,0.54838705
3,1,1,3,MOVE,1706,188.85246,540.2934,0.56078434,0.54838705
3,1,1,3,MOVE,1722,188.85246,540.2934,0.56078434,0.54838705
3,1,1,3,MOVE,1739,188.85246,540.2934,0.56078434,0.54838705
3,1,1,3,MOVE,1755,188.85246,540.2934,0.56078434,0.54838705
3,1,1,3,MOVE,1772,188.85246,540.2934,0.56078434,0.54838705
3,1,1,3,MOVE,1788,188.85246,540.2934,0.56078434,0.54838705
3,1,1,3,MOVE,1805,188.85246,540.2934,0.56078434,0.54838705
3,1,1,3,MOVE,1822,188.85246,540.2934,0.56078434,0.54838705
3,1,1,3,MOVE,1838,188.85246,540.2934,0.56078434,0.54838705
3,1,1,3,MOVE,1855,188.85246,540.2934,0.56078434,0.54838705
3,1,1,3,MOVE,1871,188.85246,540.2934,0.56078434,0.54838705
3,1,1,3,MOVE,1888,188.85246,540.2934,0.56078434,0.54838705
3,1,1,3,MOVE,1904,188.85246,540.2934,0.56078434,0.54838705
3,1,1,3,MOVE,1921,188.85246,540.2934,0.56078434,0.54838705
3,1,1,3,MOVE,1938,188.85246,540.2934,0.56078434,0.54838705
3,1,1,3,MOVE,1954,188.85246,540.2934,0.56078434,0.54838705
3,1,1,3,MOVE,1971,188.85246,540.2934,0.56078434,0.54838705
3,1,1,3,MOVE,1987,188.85246,540.2934,0.56078434,0.54838705
3,1,1,3,MOVE,2004,188.85246,540.2934,0.56078434,0.54838705
3,1,1,3,MOVE,2020,188.85246,540.2934,0.56078434,0.54838705
3,1,1,3,MOVE,2037,188.85246,540.2934,0.56078434,0.54838705
3,1,1,3,MOVE,2053,188.85246,540.2934,0.56078434,0.54838705
3,1,1,3,MOVE,2070,188.85246,540.2934,0.56078434,0.54838705
3,1,1,3,MOVE,2087,188.85246,540.2934,0.56078434,0.54838705
3,1,1,3,MOVE,2103,188.85246,540.2934,0.56078434,0.54838705
3,1,1,3,MOVE,2120,188.85246,540.2934,0.56078434,0.54838705
3,1,1,3,MOVE,2136,188.85246,540.2934,0.56078434,0.54838705
3,1,1,3,MOVE,2153,188.85246,540.2934,0.56078434,0.54838705
3,1,1,3,MOVE,2169,188.85246,540.2934,0.56078434,0.54838705
3,1,1,3,MOVE,2186,188.85246,540.2934,0.56078434,0.54838705
3,1,1,3,MOVE,2202,188.85246,540.2934,0.56078434,0.54838705
3,1,1,3,MOVE,2219,188.85246,540.2934,0.56078434,0.54838705
3,1,1,3,MOVE,2236,188.85246,540.2934,0.56078434,0.54838705
3,1,1,3,MOVE,2252,188.85246,540.2934,0.56078434,0.54838705
3,1,1,3,MOVE,2269,188.85246,540.2934,0.56078434,0.54838705
3,1,1,3,MOVE,2285,188.85246,540.2934,0.56078434,0.54838705
3,1,1,3,MOVE,2302,188.85246,540.2934,0.56078434,0.54838705
3,1,1,3,MOVE,2319,188.85246,540.2934,0.56078434,0.54838705
3,1,1,3,MOVE,2335,188.85246,540.2934,0.56078434,0.54838705
3,1,1,3,MOVE,2352,188.85246,540.2934,0.56078434,0.54838705
3,1,1,3,MOVE,2368,188.85246,540.2934,0.56078434,0.54838705
3,1,1,3,MOVE,2385,188.85246,540.2934,0.56078434,0.54838705
3,1,1,3,MOVE,2401,188.85246,540.2934,0.56078434,0.54838705
3,1,1,3,MOVE,2418,188.85246,540.2934,0.56078434,0.54838705
3,1,1,3,MOVE,2434,188.85246,540.2934,0.56078434,0.54838705
3,1,1,3,MOVE,2451,188.85246,540.2934,0.56078434,0.54838705
3,1,1,3,MOVE,2468,188.85246,540.2934,0.56078434,0.54838705
3,1,1,3,MOVE,2484,188.85246,540.2934,0.56078434,0.54838705
3,1,1,3,MOVE,2501,188.85246,540.2934,0.56078434,0.54838705
3,1,1,3,MOVE,2517,188.85246,540.2934,0.56078434,0.54838705
3,1,1,3,MOVE,2534,188.85246,540.2934,0.56078434,0.54838705
3,1,1,3,MOVE,2550,188.85246,540.2934,0.56078434,0.54838705
3,1,1,3,MOVE,2567,188.85246,540.2934,0.56078434,0.54838705
3,1,1,3,MOVE,2583,188.85246,540.2934,0.56078434,0.54838705
3,1,1,3,MOVE,2600,188.85246,539.4464,0.56078434,0.54838705
3,1,1,3,MOVE,2617,188.85246,539.2946,0.56078434,0.54838705
3,1,1,3,MOVE,2633,188.85246,538.2959,0.56078434,0.54838705
3,1,1,3,MOVE,2650,188.85246,536.7977,0.56078434,0.54838705
3,1,1,3,MOVE,2666,188.85246,537.2971,0.56078434,0.54838705
3,1,1,3,MOVE,2683,188.85246,536.2984,0.56078434,0.54838705
3,1,1,3,MOVE,2699,188.85246,536.2984,0.56078434,0.54838705
3,1,1,3,MOVE,2716,188.85246,535.2996,0.56078434,0.54838705
3,1,1,3,MOVE,2733,188.85246,535.2996,0.56078434,0.54838705
3,1,1,3,MOVE,2749,188.85246,535.2996,0.56078434,0.54838705
3,1,1,3,MOVE,2766,188.85246,535.2996,0.56078434,0.54838705
3,1,1,3,MOVE,2782,188.85246,534.3669,0.56078434,0.54838705
3,1,1,3,MOVE,2799,188.85246,534.3009,0.56078434,0.54838705
3,1,1,3,MOVE,2815,188.85246,534.3009,0.56078434,0.54838705
3,1,1,3,MOVE,2832,188.85246,534.3009,0.56078434,0.54838705
3,1,1,3,MOVE,2848,188.85246,534.3009,0.56078434,0.54838705
3,1,1,3,MOVE,2865,188.85246,534.3009,0.56078434,0.54838705
3,1,1,3,MOVE,2882,188.85246,534.3009,0.56078434,0.54838705
3,1,1,3,MOVE,2898,188.85246,534.3009,0.56078434,0.54838705
3,1,1,3,MOVE,2915,188.85246,534.3009,0.56078434,0.54838705
3,1,1,3,MOVE,2931,188.85246,534.3009,0.56078434,0.54838705
3,1,1,3,MOVE,2948,188.85246,534.3009,0.56078434,0.54838705
3,1,1,3,MOVE,2964,188.85246,534.3009,0.56078434,0.54838705
3,1,1,3,MOVE,2981,188.85246,534.3009,0.56078434,0.54838705
3,1,1,3,MOVE,2998,188.85246,534.3009,0.56078434,0.54838705
3,1,1,3,MOVE,3014,188.85246,534.3009,0.56078434,0.54838705
3,1,1,3,MOVE,3031,188.85246,534.3009,0.56078434,0.54838705
3,1,1,3,MOVE,3047,188.85246,534.3009,0.56078434,0.54838705
3,1,1,3,MOVE,3064,188.85246,534.3009,0.56078434,0.54838705
3,1,1,3,MOVE,3080,188.85246,534.3009,0.56078434,0.54838705
3,1,1,3,MOVE,3097,188.85246,534.3009,0.56078434,0.54838705
3,1,1,3,MOVE,3114,188.85246,534.3009,0.56078434,0.54838705
3,1,1,3,MOVE,3130,188.85246,534.3009,0.56078434,0.54838705
3,1,1,3,MOVE,3147,188.85246,534.3009,0.56078434,0.54838705
3,1,1,3,MOVE,3163,188.85246,534.3009,0.56078434,0.54838705
3,1,1,3,MOVE,3180,188.85246,534.3009,0.56078434,0.54838705
3,1,1,3,MOVE,3196,188.85246,534.3009,0.56078434,0.54838705
3,1,1,3,MOVE,3213,188.85246,534.3009,0.56078434,0.54838705
3,1,1,3,MOVE,3229,188.85246,534.3009,0.56078434,0.54838705
3,1,1,3,MOVE,3246,188.85246,534.3009,0.56078434,0.54838705
3,1,1,3,MOVE,3262,188.85246,534.3009,0.56078434,0.54838705
3,1,1,3,MOVE,3279,188.85246,534.3009,0.56078434,0.54838705
3,1,1,3,MOVE,3296,188.85246,534.3009,0.56078434,0.54838705
3,1,1,3,MOVE,3312,188.85246,534.3009,0.56078434,0.54838705
3,1,1,3,MOVE,3329,188.85246,534.3009,0.56078434,0.54838705
3,1,1,3,MOVE,3345,188.85246,534.3009,0.56078434,0.54838705
3,1,1,3,MOVE,3362,188.85246,534.3009,0.56078434,0.54838705
3,1,1,3,MOVE,3378,188.85246,534.3009,0.56078434,0.54838705
3,1,1,3,MOVE,3395,188.85246,534.3009,0.56078434,0.54838705
3,1,1,3,MOVE,3412,188.85246,534.3009,0.56078434,0.54838705
3,1,1,3,MOVE,3428,188.85246,534.3009,0.56078434,0.54838705
3,1,1,3,MOVE,3445,188.85246,534.3009,0.56078434,0.54838705
3,1,1,3,MOVE,3461,188.85246,534.3009,0.56078434,0.54838705
3,1,1,3,MOVE,3478,188.85246,534.3009,0.56078434,0.54838705
3,1,1,3,MOVE,3494,188.85246,534.3009,0.56078434,0.54838705
3,1,1,3,MOVE,3511,188.85246,534.3009,0.56078434,0.54838705
3,1,1,3,MOVE,3528,188.85246,534.3009,0.56078434,0.54838705
3,1,1,3,MOVE,3544,188.85246,534.3009,0.56078434,0.54838705
3,1,1,3,MOVE,3561,188.85246,534.3009,0.56078434,0.54838705
3,1,1,3,MOVE,3577,188.85246,534.3009,0.56078434,0.54838705
3,1,1,3,MOVE,3594,188.85246,534.3009,0.56078434,0.54838705
3,1,1,3,MOVE,3610,188.85246,534.3009,0.56078434,0.54838705
3,1,1,3,MOVE,3627,188.85246,534.3009,0.56078434,0.54838705
3,1,1,3,MOVE,3644,188.85246,534.3009,0.56078434,0.54838705
3,1,1,3,MOVE,3660,188.85246,534.3009,0.56078434,0.54838705
3,1,1,3,MOVE,3677,188.85246,534.3009,0.56078434,0.54838705
3,1,1,3,MOVE,3693,188.85246,534.3009,0.56078434,0.54838705
3,1,1,3,MOVE,3710,188.85246,534.3009,0.56078434,0.54838705
3,1,1,3,MOVE,3726,188.85246,534.3009,0.56078434,0.54838705
3,1,1,3,MOVE,3743,188.85246,534.3009,0.56078434,0.54838705
3,1,1,3,MOVE,3759,188.85246,533.72815,0.56078434,0.54838705
3,1,1,3,MOVE,3776,188.85246,533.3021,0.56078434,0.54838705
3,1,1,3,MOVE,3793,188.85246,533.3021,0.56078434,0.54838705
3,1,1,3,MOVE,3809,188.85246,533.3021,0.56078434,0.54838705
3,1,1,3,MOVE,3826,188.85246,533.3021,0.56078434,0.54838705
3,1,1,3,MOVE,3842,188.85246,533.3021,0.56078434,0.54838705
3,1,1,3,MOVE,3859,188.85246,533.3021,0.56078434,0.54838705
3,1,1,3,MOVE,3875,188.85246,533.3021,0.56078434,0.54838705
3,1,1,3,MOVE,3892,188.85246,532.2996,0.56078434,0.54838705
3,1,1,3,MOVE,3908,188.85246,532.3034,0.56078434,0.54838705
3,1,1,3,MOVE,3925,188.85246,531.1985,0.56078434,0.54838705
3,1,1,3,MOVE,3942,188.85246,531.3046,0.56078434,0.54838705
3,1,1,3,MOVE,3958,188.85246,530.0983,0.56078434,0.54838705
3,1,1,3,MOVE,3975,188.85246,529.53436,0.56078434,0.54838705
3,1,1,3,MOVE,3991,188.85246,527.995,0.54901963,0.54838705
3,1,1,3,MOVE,3998,186.85402,523.31464,0.4901961,0.48387095
3,1,1,3,UP,4009,186.85402,523.31464,0.4901961,0.48387095
4,1,1,4,DOWN,0,440.65573,591.22974,0.06666667,0.54838705
4,1,1,4,MOVE,19,440.65573,590.23096,0.1137255,0.9354838
4,1,1,4,MOVE,36,440.65573,588.83264,0.19215688,0.19354838
4,1,1,4,MOVE,52,440.65573,588.23346,0.21960786,0.22580644
4,1,1,4,MOVE,69,440.65573,586.23126,0.2627451,0.2580645
4,1,1,4,MOVE,85,441.697,584.1965,0.29411766,0.29032257
4,1,1,4,MOVE,102,442.85828,582.0369,0.30588236,0.29032257
4,1,1,4,MOVE,119,447.13617,580.08185,0.32941177,0.32258064
4,1,1,4,MOVE,135,453.19504,576.8281,0.3372549,0.32258064
4,1,1,4,MOVE,152,463.4131,574.9964,0.3529412,0.3548387
4,1,1,4,MOVE,168,475.99857,573.43304,0.36078432,0.3548387
4,1,1,4,MOVE,185,489.91315,573.2522,0.36862746,0.3548387
4,1,1,4,MOVE,201,506.72803,573.2522,0.37254903,0.3548387
4,1,1,4,MOVE,218,526.68524,573.2522,0.3803922,0.38709676
4,1,1,4,MOVE,235,550.9227,575.2749,0.38823533,0.38709676
4,1,1,4,MOVE,251,568.92255,576.82654,0.39607847,0.38709676
4,1,1,4,MOVE,268,587.21246,578.3851,0.41176474,0.41935483
4,1,1,4,MOVE,284,607.45526,580.24347,0.41960788,0.41935483
4,1,1,4,MOVE,301,628.61005,581.46344,0.43529415,0.41935483
4,1,1,4,MOVE,317,652.28033,581.2422,0.4431373,0.4516129
4,1,1,4,MOVE,334,674.0841,582.5699,0.45098042,0.4516129
4,1,1,4,MOVE,350,692.90607,582.24097,0.454902,0.4516129
4,1,1,4,MOVE,367,713.1082,580.80695,0.46274513,0.4516129
4,1,1,4,MOVE,384,729.49664,580.2368,0.47058827,0.48387095
4,1,1,4,MOVE,400,746.83704,577.7046,0.47450984,0.48387095
4,1,1,4,MOVE,417,762.3485,575.0611,0.48235297,0.48387095
4,1,1,4,MOVE,433,776.8802,571.9564,0.48235297,0.48387095
4,1,1,4,MOVE,450,789.8798,568.8834,0.4901961,0.48387095
4,1,1,4,MOVE,466,800.6255,566.76,0.49411768,0.48387095
4,1,1,4,MOVE,483,812.7466,564.9649,0.5019608,0.516129
4,1,1,4,MOVE,500,823.3737,563.40497,0.5019608,0.516129
4,1,1,4,MOVE,516,835.58716,561.86145,0.5019608,0.516129
4,1,1,4,MOVE,533,843.16064,560.3045,0.5019608,0.516129
4,1,1,4,MOVE,549,851.3797,558.7628,0.5019608,0.516129
4,1,1,4,MOVE,566,859.6449,557.2089,0.5019608,0.516129
4,1,1,4,MOVE,582,868.06195,555.6508,0.5019608,0.516129
4,1,1,4,MOVE,599,876.24384,554.0905,0.5019608,0.516129
4,1,1,4,MOVE,615,883.9048,553.27716,0.5019608,0.516129
4,1,1,4,MOVE,632,890.3606,552.0147,0.5019608,0.516129
4,1,1,4,MOVE,649,895.62024,551.27966,0.5019608,0.516129
4,1,1,4,MOVE,665,901.81305,549.9019,0.50980395,0.516129
4,1,1,4,MOVE,682,908.0103,549.28217,0.5137255,0.516129
4,1,1,4,MOVE,698,914.21564,547.8016,0.5176471,0.516129
4,1,1,4,MOVE,715,919.34314,547.28467,0.5254902,0.516129
4,1,1,4,MOVE,731,924.0561,545.694,0.5254902,0.516129
4,1,1,4,MOVE,748,928.7045,545.2872,0.5254902,0.516129
4,1,1,4,MOVE,764,934.32947,543.60284,0.5254902,0.516129
4,1,1,4,MOVE,781,940.2367,543.2897,0.5294118,0.516129
4,1,1,4,MOVE,798,945.4766,542.2909,0.5294118,0.516129
4,1,1,4,MOVE,814,948.97656,542.2909,0.5294118,0.516129
4,1,1,4,MOVE,831,953.9531,541.2922,0.5294118,0.516129
4,1,1,4,MOVE,847,957.1502,539.845,0.5294118,0.516129
4,1,1,4,MOVE,864,962.2899,539.2946,0.5294118,0.516129
4,1,1,4,MOVE,880,966.4581,539.2946,0.5294118,0.516129
4,1,1,4,MOVE,897,970.4505,539.2946,0.5294118,0.516129
4,1,1,4,MOVE,914,974.5543,538.2959,0.5294118,0.516129
4,1,1,4,MOVE,930,977.6361,538.2959,0.5294118,0.516129
4,1,1,4,MOVE,947,981.7563,538.2959,0.5294118,0.516129
4,1,1,4,MOVE,963,984.85376,538.2959,0.5294118,0.516129
4,1,1,4,MOVE,980,987.96655,537.4278,0.5294118,0.516129
4,1,1,4,MOVE,996,989.6662,537.2971,0.5294118,0.516129
4,1,1,4,MOVE,1013,993.1712,536.2984,0.5294118,0.516129
4,1,1,4,MOVE,1029,995.74475,535.2996,0.5372549,0.54838705
4,1,1,4,MOVE,1046,998.3722,535.2996,0.5372549,0.54838705
4,1,1,4,MOVE,1063,1000.47675,535.2996,0.5372549,0.54838705
4,1,1,4,MOVE,1079,1002.39777,535.2996,0.53333336,0.54838705
4,1,1,4,MOVE,1096,1004.95825,534.3009,0.53333336,0.54838705
4,1,1,4,MOVE,1112,1007.7615,534.3009,0.53333336,0.54838705
4,1,1,4,MOVE,1129,1009.90424,534.3009,0.53333336,0.54838705
4,1,1,4,MOVE,1145,1011.6016,534.3009,0.53333336,0.54838705
4,1,1,4,MOVE,1162,1014.09924,534.3009,0.53333336,0.54838705
4,1,1,4,MOVE,1179,1015.70886,533.3021,0.5411765,0.54838705
4,1,1,4,MOVE,1195,1017.24835,532.2604,0.54509807,0.54838705
4,1,1,4,MOVE,1212,1018.81067,531.6975,0.54509807,0.54838705
4,1,1,4,MOVE,1228,1020.3702,531.3046,0.54901963,0.54838705
4,1,1,4,MOVE,1245,1021.9126,531.3046,0.54901963,0.54838705
4,1,1,4,MOVE,1261,1023.46814,530.0385,0.5529412,0.54838705
4,1,1,4,MOVE,1278,1025.016,530.3059,0.5568628,0.54838705
4,1,1,4,MOVE,1294,1026.5677,530.3059,0.56078434,0.54838705
4,1,1,4,MOVE,1311,1028.1158,530.3059,0.56078434,0.54838705
4,1,1,4,MOVE,1328,1029.6714,528.8319,0.56078434,0.54838705
4,1,1,4,MOVE,1344,1031.2168,528.2858,0.56078434,0.54838705
4,1,1,4,MOVE,1361,1032.7747,528.30835,0.56078434,0.54838705
4,1,1,4,MOVE,1377,1034.3176,528.30835,0.56078434,0.54838705
4,1,1,4,MOVE,1394,1035.1913,527.30963,0.56078434,0.54838705
4,1,1,4,MOVE,1410,1036.4209,527.30963,0.56078434,0.54838705
4,1,1,4,MOVE,1427,1036.9749,527.30963,0.56078434,0.54838705
4,1,1,4,MOVE,1444,1037.1897,527.30963,0.56078434,0.54838705
4,1,1,4,MOVE,1460,1037.1897,527.30963,0.56078434,0.54838705
4,1,1,4,MOVE,1477,1038.6298,527.30963,0.56078434,0.54838705
4,1,1,4,MOVE,1493,1038.189,527.30963,0.56078434,0.54838705
4,1,1,4,MOVE,1510,1038.189,527.30963,0.56078434,0.54838705
4,1,1,4,MOVE,1526,1038.189,527.30963,0.56078434,0.54838705
4,1,1,4,MOVE,1543,1039.1881,527.30963,0.56078434,0.54838705
4,1,1,4,MOVE,1559,1039.1881,527.30963,0.56078434,0.54838705
4,1,1,4,MOVE,1576,1039.1881,527.30963,0.56078434,0.54838705
4,1,1,4,MOVE,1593,1039.1881,527.30963,0.56078434,0.54838705
4,1,1,4,MOVE,1609,1039.1881,527.30963,0.56078434,0.54838705
4,1,1,4,MOVE,1626,1039.1881,527.30963,0.56078434,0.54838705
4,1,1,4,MOVE,1642,1039.1881,527.30963,0.56078434,0.54838705
4,1,1,4,MOVE,1659,1039.1881,527.30963,0.56078434,0.54838705
4,1,1,4,MOVE,1675,1039.1881,527.30963,0.56078434,0.54838705
4,1,1,4,MOVE,1692,1039.1881,527.30963,0.56078434,0.54838705
4,1,1,4,MOVE,1709,1039.1881,527.30963,0.56078434,0.54838705
4,1,1,4,MOVE,1725,1039.1881,527.30963,0.56078434,0.54838705
4,1,1,4,MOVE,1742,1039.1881,527.30963,0.56078434,0.54838705
4,1,1,4,MOVE,1758,1039.1881,527.30963,0.56078434,0.54838705
4,1,1,4,MOVE,1775,1039.1881,527.30963,0.56078434,0.54838705
4,1,1,4,MOVE,1791,1039.1881,527.30963,0.56078434,0.54838705
4,1,1,4,MOVE,1808,1039.1881,527.30963,0.56078434,0.54838705
4,1,1,4,MOVE,1824,1039.1881,527.30963,0.56078434,0.54838705
4,1,1,4,MOVE,1841,1039.1881,527.30963,0.56078434,0.54838705
4,1,1,4,MOVE,1858,1039.1881,527.30963,0.56078434,0.54838705
4,1,1,4,MOVE,1874,1039.1881,527.30963,0.56078434,0.54838705
4,1,1,4,MOVE,1891,1039.1881,527.30963,0.56078434,0.54838705
4,1,1,4,MOVE,1907,1039.1881,527.30963,0.56078434,0.54838705
4,1,1,4,MOVE,1924,1039.1881,527.30963,0.56078434,0.54838705
4,1,1,4,MOVE,1940,1039.1881,527.30963,0.56078434,0.54838705
4,1,1,4,MOVE,1957,1039.1881,527.30963,0.56078434,0.54838705
4,1,1,4,MOVE,1974,1039.1881,527.30963,0.56078434,0.54838705
4,1,1,4,MOVE,1990,1039.1881,527.30963,0.56078434,0.54838705
4,1,1,4,MOVE,2007,1039.1881,527.30963,0.56078434,0.54838705
4,1,1,4,MOVE,2023,1039.1881,527.30963,0.56078434,0.54838705
4,1,1,4,MOVE,2040,1039.1881,527.30963,0.56078434,0.54838705
4,1,1,4,MOVE,2056,1039.1881,527.30963,0.56078434,0.54838705
4,1,1,4,MOVE,2073,1040.5035,527.30963,0.56078434,0.54838705
4,1,1,4,MOVE,2090,1040.1874,527.30963,0.56078434,0.54838705
4,1,1,4,MOVE,2106,1040.1874,527.30963,0.56078434,0.54838705
4,1,1,4,MOVE,2123,1040.1874,527.30963,0.56078434,0.54838705
4,1,1,4,MOVE,2139,1040.1874,527.30963,0.56078434,0.54838705
4,1,1,4,MOVE,2156,1040.1874,527.30963,0.56078434,0.54838705
4,1,1,4,MOVE,2172,1040.1874,527.30963,0.56078434,0.54838705
4,1,1,4,MOVE,2189,1040.1874,527.30963,0.56078434,0.54838705
4,1,1,4,MOVE,2205,1040.9325,527.30963,0.56078434,0.54838705
4,1,1,4,MOVE,2222,1041.1865,527.30963,0.56078434,0.54838705
4,1,1,4,MOVE,2239,1041.1865,527.30963,0.56078434,0.54838705
4,1,1,4,MOVE,2255,1041.1865,527.30963,0.56078434,0.54838705
4,1,1,4,MOVE,2272,1041.1865,527.30963,0.56078434,0.54838705
4,1,1,4,MOVE,2288,1041.1865,527.30963,0.56078434,0.54838705
4,1,1,4,MOVE,2305,1041.1865,527.30963,0.56078434,0.54838705
4,1,1,4,MOVE,2321,1041.1865,527.30963,0.56078434,0.54838705
4,1,1,4,MOVE,2338,1041.1865,527.30963,0.56078434,0.54838705
4,1,1,4,MOVE,2354,1041.1865,527.30963,0.56078434,0.54838705
4,1,1,4,MOVE,2371,1042.4475,528.5699,0.56078434,0.54838705
4,1,1,4,MOVE,2388,1042.1858,528.30835,0.56078434,0.54838705
4,1,1,4,MOVE,2404,1042.1858,528.30835,0.56078434,0.54838705
4,1,1,4,MOVE,2421,1042.1858,528.30835,0.56078434,0.54838705
4,1,1,4,MOVE,2437,1042.1858,528.30835,0.56078434,0.54838705
4,1,1,4,MOVE,2454,1042.1858,528.30835,0.56078434,0.54838705
4,1,1,4,MOVE,2470,1042.1858,528.30835,0.56078434,0.54838705
4,1,1,4,MOVE,2487,1042.1858,528.30835,0.56078434,0.54838705
4,1,1,4,MOVE,2504,1042.1858,528.30835,0.56078434,0.54838705
4,1,1,4,MOVE,2520,1042.1858,528.30835,0.56078434,0.54838705
4,1,1,4,MOVE,2537,1042.1858,528.30835,0.56078434,0.54838705
4,1,1,4,MOVE,2553,1042.1858,528.30835,0.56078434,0.54838705
4,1,1,4,MOVE,2570,1042.1858,528.30835,0.56078434,0.54838705
4,1,1,4,MOVE,2586,1042.1858,528.30835,0.56078434,0.54838705
4,1,1,4,MOVE,2603,1042.1858,528.30835,0.56078434,0.54838705
4,1,1,4,MOVE,2619,1042.1858,528.30835,0.56078434,0.54838705
4,1,1,4,MOVE,2636,1042.1858,528.30835,0.56078434,0.54838705
4,1,1,4,MOVE,2653,1042.1858,528.30835,0.56078434,0.54838705
4,1,1,4,MOVE,2669,1042.1858,528.30835,0.56078434,0.54838705
4,1,1,4,MOVE,2686,1042.1858,528.30835,0.56078434,0.54838705
4,1,1,4,MOVE,2702,1042.1858,528.30835,0.56078434,0.54838705
4,1,1,4,MOVE,2719,1042.1858,528.30835,0.56078434,0.54838705
4,1,1,4,MOVE,2735,1042.1858,528.30835,0.56078434,0.54838705
4,1,1,4,MOVE,2752,1042.1858,528.30835,0.56078434,0.54838705
4,1,1,4,MOVE,2769,1042.1858,528.30835,0.56078434,0.54838705
4,1,1,4,MOVE,2785,1042.1858,528.30835,0.56078434,0.54838705
4,1,1,4,MOVE,2802,1042.1858,528.30835,0.56078434,0.54838705
4,1,1,4,MOVE,2818,1042.1858,528.30835,0.56078434,0.54838705
4,1,1,4,MOVE,2835,1042.1858,528.30835,0.56078434,0.54838705
4,1,1,4,MOVE,2851,1042.1858,528.30835,0.56078434,0.54838705
4,1,1,4,MOVE,2868,1042.1858,528.30835,0.56078434,0.54838705
4,1,1,4,MOVE,2885,1042.1858,528.30835,0.56078434,0.54838705
4,1,1,4,MOVE,2901,1042.1858,528.30835,0.56078434,0.54838705
4,1,1,4,MOVE,2918,1042.1858,528.30835,0.56078434,0.54838705
4,1,1,4,MOVE,2934,1042.1858,528.30835,0.56078434,0.54838705
4,1,1,4,MOVE,2951,1042.1858,528.30835,0.56078434,0.54838705
4,1,1,4,MOVE,2967,1042.1858,528.30835,0.56078434,0.54838705
4,1,1,4,MOVE,2984,1042.1858,528.30835,0.56078434,0.54838705
4,1,1,4,MOVE,3000,1042.1858,528.30835,0.56078434,0.54838705
4,1,1,4,MOVE,3017,1042.1858,528.30835,0.56078434,0.54838705
4,1,1,4,MOVE,3034,1042.1858,528.30835,0.56078434,0.54838705
4,1,1,4,MOVE,3050,1042.1858,528.30835,0.56078434,0.54838705
4,1,1,4,MOVE,3067,1042.1858,528.30835,0.56078434,0.54838705
4,1,1,4,MOVE,3083,1042.1858,528.30835,0.56078434,0.54838705
4,1,1,4,MOVE,3100,1042.1858,528.30835,0.56078434,0.54838705
4,1,1,4,MOVE,3116,1042.1858,528.30835,0.56078434,0.54838705
4,1,1,4,MOVE,3133,1042.1858,528.30835,0.56078434,0.54838705
4,1,1,4,MOVE,3149,1042.1858,528.30835,0.56078434,0.54838705
4,1,1,4,MOVE,3166,1042.1858,528.30835,0.56078434,0.54838705
4,1,1,4,MOVE,3183,1042.1858,528.30835,0.56078434,0.54838705
4,1,1,4,MOVE,3199,1042.1858,528.30835,0.56078434,0.54838705
4,1,1,4,MOVE,3216,1042.1858,528.30835,0.56078434,0.54838705
4,1,1,4,MOVE,3232,1042.1858,528.30835,0.56078434,0.54838705
4,1,1,4,MOVE,3249,1042.1858,528.30835,0.56078434,0.54838705
4,1,1,4,MOVE,3265,1042.1858,528.30835,0.56078434,0.54838705
4,1,1,4,MOVE,3282,1042.1858,528.30835,0.56078434,0.54838705
4,1,1,4,MOVE,3299,1042.1858,528.30835,0.56078434,0.54838705
4,1,1,4,MOVE,3315,1042.9375,529.0597,0.56078434,0.54838705
4,1,1,4,MOVE,3332,1043.185,529.3071,0.56078434,0.54838705
4,1,1,4,MOVE,3348,1043.185,529.3071,0.56078434,0.54838705
4,1,1,4,MOVE,3365,1043.185,529.3071,0.56078434,0.54838705
4,1,1,4,MOVE,3381,1043.185,529.3071,0.56078434,0.54838705
4,1,1,4,MOVE,3398,1043.185,529.3071,0.56078434,0.54838705
4,1,1,4,MOVE,3414,1043.185,529.3071,0.56078434,0.54838705
4,1,1,4,MOVE,3431,1043.185,529.3071,0.56078434,0.54838705
4,1,1,4,MOVE,3448,1043.185,529.3071,0.56078434,0.54838705
4,1,1,4,MOVE,3464,1043.185,529.3071,0.56078434,0.54838705
4,1,1,4,MOVE,3481,1043.185,529.3071,0.56078434,0.54838705
4,1,1,4,MOVE,3497,1043.185,529.3071,0.56078434,0.54838705
4,1,1,4,MOVE,3514,1043.185,529.3071,0.56078434,0.54838705
4,1,1,4,MOVE,3530,1043.185,529.3071,0.56078434,0.54838705
4,1,1,4,MOVE,3547,1043.185,529.3071,0.56078434,0.54838705
4,1,1,4,MOVE,3564,1043.185,529.3071,0.56078434,0.54838705
4,1,1,4,MOVE,3580,1043.185,529.3071,0.56078434,0.54838705
4,1,1,4,MOVE,3597,1043.185,529.3071,0.56078434,0.54838705
4,1,1,4,MOVE,3613,1043.185,529.3071,0.56078434,0.54838705
4,1,1,4,MOVE,3630,1043.185,529.3071,0.56078434,0.54838705
4,1,1,4,MOVE,3646,1043.185,529.3071,0.56078434,0.54838705
4,1,1,4,MOVE,3663,1043.185,529.3071,0.56078434,0.54838705
4,1,1,4,MOVE,3680,1043.185,529.3071,0.56078434,0.54838705
4,1,1,4,MOVE,3696,1043.185,529.3071,0.56078434,0.54838705
4,1,1,4,MOVE,3713,1043.185,529.3071,0.56078434,0.54838705
4,1,1,4,MOVE,3729,1043.185,529.3071,0.56078434,0.54838705
4,1,1,4,MOVE,3746,1043.185,529.3071,0.56078434,0.54838705
4,1,1,4,MOVE,3762,1043.185,528.64954,0.56078434,0.54838705
4,1,1,4,MOVE,3779,1043.185,527.107,0.5372549,0.54838705
4,1,1,4,UP,3787,1043.185,527.107,0.5372549,0.54838705
5,1,1,5,DOWN,0,880.31226,264.63797,0.058823533,0.48387095
5,1,1,5,MOVE,22,879.272,263.59814,0.14901961,0.12903225
5,1,1,5,MOVE,38,878.7153,263.0417,0.18823531,0.19354838
5,1,1,5,MOVE,55,877.14374,261.47095,0.25490198,0.2580645
5,1,1,5,MOVE,70,876.7677,261.09506,0.28235295,0.29032257
5,1,1,5,MOVE,86,876.31537,259.55627,0.32941177,0.32258064
5,1,1,5,MOVE,103,876.31537,259.00198,0.34901962,0.3548387
5,1,1,5,MOVE,119,876.31537,257.4531,0.37647063,0.38709676
5,1,1,5,MOVE,136,876.31537,256.895,0.38823533,0.38709676
5,1,1,5,MOVE,153,876.31537,256.64795,0.40784317,0.41935483
5,1,1,5,MOVE,169,876.31537,256.64795,0.4156863,0.41935483
5,1,1,5,MOVE,186,876.31537,256.64795,0.43137258,0.41935483
5,1,1,5,MOVE,202,876.31537,256.64795,0.43921572,0.4516129
5,1,1,5,MOVE,219,876.8357,256.64795,0.44705886,0.4516129
5,1,1,5,MOVE,236,878.3801,256.64795,0.45882356,0.4516129
5,1,1,5,MOVE,252,879.941,256.64795,0.4666667,0.4516129
5,1,1,5,MOVE,269,881.4927,256.64795,0.4784314,0.48387095
5,1,1,5,MOVE,285,883.7791,256.64795,0.48235297,0.48387095
5,1,1,5,MOVE,302,885.5844,256.64795,0.49411768,0.48387095
5,1,1,5,MOVE,318,887.97864,256.64795,0.49803925,0.48387095
5,1,1,5,MOVE,335,889.69366,255.26093,0.49803925,0.48387095
5,1,1,5,MOVE,351,891.24695,254.70715,0.49803925,0.48387095
5,1,1,5,MOVE,368,892.79663,253.6517,0.49803925,0.48387095
5,1,1,5,MOVE,385,894.3435,253.6517,0.49803925,0.48387095
5,1,1,5,MOVE,401,896.50543,252.65295,0.5019608,0.516129
5,1,1,5,MOVE,418,898.45953,252.65295,0.50980395,0.516129
5,1,1,5,MOVE,434,900.00446,251.9462,0.5137255,0.516129
5,1,1,5,MOVE,451,901.54517,251.65417,0.5176471,0.516129
5,1,1,5,MOVE,467,903.11273,249.83817,0.5176471,0.516129
5,1,1,5,MOVE,484,904.6536,249.65668,0.5176471,0.516129
5,1,1,5,MOVE,501,907.1256,247.74194,0.5176471,0.516129
5,1,1,5,MOVE,517,908.7616,247.65918,0.5176471,0.516129
5,1,1,5,MOVE,534,911.3322,245.63962,0.5176471,0.516129
5,1,1,5,MOVE,550,913.86005,245.08841,0.52156866,0.516129
5,1,1,5,MOVE,567,916.54504,243.53381,0.52156866,0.516129
5,1,1,5,MOVE,583,917.97253,242.97537,0.5254902,0.516129
5,1,1,5,MOVE,600,920.7426,242.66544,0.5294118,0.516129
5,1,1,5,MOVE,616,922.8658,241.66669,0.5294118,0.516129
5,1,1,5,MOVE,633,924.62463,240.32129,0.5372549,0.54838705
5,1,1,5,MOVE,650,926.1726,240.66791,0.5411765,0.54838705
5,1,1,5,MOVE,666,927.7257,239.21927,0.5411765,0.54838705
5,1,1,5,MOVE,683,929.28253,238.66187,0.5372549,0.54838705
5,1,1,5,MOVE,699,930.8264,238.1175,0.5372549,0.54838705
5,1,1,5,MOVE,716,933.4821,237.67166,0.5372549,0.54838705
5,1,1,5,MOVE,732,934.93427,236.67291,0.5411765,0.54838705
5,1,1,5,MOVE,749,937.6788,236.67291,0.54901963,0.54838705
5,1,1,5,MOVE,766,940.03784,235.67416,0.54901963,0.54838705
5,1,1,5,MOVE,782,942.8818,235.67416,0.5568628,0.54838705
5,1,1,5,MOVE,799,945.0086,234.80182,0.5568628,0.54838705
5,1,1,5,MOVE,815,946.68787,234.67542,0.5529412,0.54838705
5,1,1,5,MOVE,832,949.24347,234.67542,0.5529412,0.54838705
5,1,1,5,MOVE,848,952.2561,234.67542,0.54901963,0.54838705
5,1,1,5,MOVE,865,953.34344,233.67667,0.54901963,0.54838705
5,1,1,5,MOVE,881,955.89233,233.03836,0.54901963,0.54838705
5,1,1,5,MOVE,898,957.4403,232.67792,0.54509807,0.54838705
5,1,1,5,MOVE,915,959.7367,231.67917,0.54509807,0.54838705
5,1,1,5,MOVE,931,961.5384,230.39116,0.54509807,0.54838705
5,1,1,5,MOVE,948,963.95325,230.6804,0.54509807,0.54838705
5,1,1,5,MOVE,964,965.6452,230.6804,0.5411765,0.54838705
5,1,1,5,MOVE,981,967.1985,230.6804,0.5411765,0.54838705
5,1,1,5,MOVE,997,969.7528,230.6804,0.5411765,0.54838705
5,1,1,5,MOVE,1014,971.30066,230.6804,0.5411765,0.54838705
5,1,1,5,MOVE,1031,972.86163,230.6804,0.54509807,0.54838705
5,1,1,5,MOVE,1047,974.4157,230.6804,0.54901963,0.54838705
5,1,1,5,MOVE,1064,975.9604,230.6804,0.54901963,0.54838705
5,1,1,5,MOVE,1080,977.50616,230.6804,0.5529412,0.54838705
5,1,1,5,MOVE,1097,979.0664,230.6804,0.5568628,0.54838705
5,1,1,5,MOVE,1113,980.619,230.6804,0.56078434,0.54838705
5,1,1,5,MOVE,1130,983.10077,230.6804,0.56078434,0.54838705
5,1,1,5,MOVE,1146,984.7168,230.6804,0.5568628,0.54838705
5,1,1,5,MOVE,1163,986.2596,230.6804,0.5568628,0.54838705
5,1,1,5,MOVE,1180,987.82007,230.6804,0.5568628,0.54838705
5,1,1,5,MOVE,1196,989.3901,230.6804,0.5568628,0.54838705
5,1,1,5,MOVE,1213,990.9306,229.68166,0.5568628,0.54838705
5,1,1,5,MOVE,1229,992.4731,228.43471,0.5529412,0.54838705
5,1,1,5,MOVE,1246,994.0439,227.86343,0.5529412,0.54838705
5,1,1,5,MOVE,1262,995.5743,227.68414,0.5529412,0.54838705
5,1,1,5,MOVE,1279,997.12805,227.68414,0.5529412,0.54838705
5,1,1,5,MOVE,1296,998.6838,227.68414,0.5529412,0.54838705
5,1,1,5,MOVE,1312,1001.2413,227.68414,0.5529412,0.54838705
5,1,1,5,MOVE,1329,1002.7836,227.68414,0.5529412,0.54838705
5,1,1,5,MOVE,1345,1004.34875,227.68414,0.5529412,0.54838705
5,1,1,5,MOVE,1362,1005.8881,227.68414,0.5529412,0.54838705
5,1,1,5,MOVE,1378,1008.649,227.68414,0.5529412,0.54838705
5,1,1,5,MOVE,1395,1009.99115,227.68414,0.5529412,0.54838705
5,1,1,5,MOVE,1411,1011.54193,227.68414,0.5529412,0.54838705
5,1,1,5,MOVE,1428,1013.10693,227.68414,0.5568628,0.54838705
5,1,1,5,MOVE,1445,1014.6478,227.68414,0.56078434,0.54838705
5,1,1,5,MOVE,1461,1016.2076,227.68414,0.56078434,0.54838705
5,1,1,5,MOVE,1478,1017.7532,227.68414,0.56078434,0.54838705
5,1,1,5,MOVE,1494,1019.3012,227.68414,0.56078434,0.54838705
5,1,1,5,MOVE,1511,1020.8607,227.68414,0.56078434,0.54838705
5,1,1,5,MOVE,1527,1022.38605,227.68414,0.56078434,0.54838705
5,1,1,5,MOVE,1544,1023.9589,227.68414,0.56078434,0.54838705
5,1,1,5,MOVE,1560,1025.4973,227.68414,0.56078434,0.54838705
5,1,1,5,MOVE,1577,1027.0616,226.6854,0.56078434,0.54838705
5,1,1,5,MOVE,1594,1030.0364,226.6854,0.56078434,0.54838705
5,1,1,5,MOVE,1610,1031.171,226.6854,0.56078434,0.54838705
5,1,1,5,MOVE,1627,1032.7157,226.6854,0.56078434,0.54838705
5,1,1,5,MOVE,1643,1034.2622,226.6854,0.56078434,0.54838705
5,1,1,5,MOVE,1660,1035.8202,226.6854,0.56078434,0.54838705
5,1,1,5,MOVE,1677,1037.3756,226.6854,0.56078434,0.54838705
5,1,1,5,MOVE,1693,1038.9241,226.6854,0.56078434,0.54838705
5,1,1,5,MOVE,1710,1040.4794,226.6854,0.56078434,0.54838705
5,1,1,5,MOVE,1726,1042.029,227.68414,0.56078434,0.54838705
5,1,1,5,MOVE,1743,1043.5767,227.68414,0.56078434,0.54838705
5,1,1,5,MOVE,1759,1045.1245,227.68414,0.56078434,0.54838705
5,1,1,5,MOVE,1776,1045.6842,227.68414,0.56078434,0.54838705
5,1,1,5,MOVE,1792,1046.1826,227.68414,0.56078434,0.54838705
5,1,1,5,MOVE,1809,1046.781,227.68414,0.56078434,0.54838705
5,1,1,5,MOVE,1826,1047.1819,227.68414,0.56078434,0.54838705
5,1,1,5,MOVE,1842,1047.8906,227.68414,0.56078434,0.54838705
5,1,1,5,MOVE,1859,1048.1812,227.68414,0.56078434,0.54838705
5,1,1,5,MOVE,1875,1049.1803,227.68414,0.56078434,0.54838705
5,1,1,5,MOVE,1892,1049.1803,227.68414,0.56078434,0.54838705
5,1,1,5,MOVE,1908,1049.1803,227.68414,0.56078434,0.54838705
5,1,1,5,MOVE,1925,1050.6592,227.68414,0.56078434,0.54838705
5,1,1,5,MOVE,1941,1050.1796,227.68414,0.56078434,0.54838705
5,1,1,5,MOVE,1958,1050.1796,227.68414,0.56078434,0.54838705
5,1,1,5,MOVE,1975,1050.1796,227.68414,0.56078434,0.54838705
5,1,1,5,MOVE,1991,1050.1796,227.68414,0.56078434,0.54838705
5,1,1,5,MOVE,2008,1050.1796,227.68414,0.56078434,0.54838705
5,1,1,5,MOVE,2024,1050.1796,227.68414,0.56078434,0.54838705
5,1,1,5,MOVE,2041,1050.1796,227.68414,0.56078434,0.54838705
5,1,1,5,MOVE,2057,1050.1796,227.68414,0.56078434,0.54838705
5,1,1,5,MOVE,2074,1050.1796,227.68414,0.56078434,0.54838705
5,1,1,5,MOVE,2091,1050.1796,227.68414,0.56078434,0.54838705
5,1,1,5,MOVE,2107,1050.1796,227.68414,0.56078434,0.54838705
5,1,1,5,MOVE,2124,1050.1796,227.68414,0.56078434,0.54838705
5,1,1,5,MOVE,2140,1050.1796,227.68414,0.56078434,0.54838705
5,1,1,5,MOVE,2157,1050.1796,227.68414,0.56078434,0.54838705
5,1,1,5,MOVE,2173,1050.1796,227.68414,0.56078434,0.54838705
5,1,1,5,MOVE,2190,1050.1796,227.68414,0.56078434,0.54838705
5,1,1,5,MOVE,2206,1050.1796,227.68414,0.56078434,0.54838705
5,1,1,5,MOVE,2223,1050.1796,227.68414,0.56078434,0.54838705
5,1,1,5,MOVE,2240,1050.1796,227.68414,0.56078434,0.54838705
5,1,1,5,MOVE,2256,1050.1796,227.68414,0.56078434,0.54838705
5,1,1,5,MOVE,2273,1050.1796,227.68414,0.56078434,0.54838705
5,1,1,5,MOVE,2289,1050.1796,227.68414,0.56078434,0.54838705
5,1,1,5,MOVE,2306,1050.1796,227.68414,0.56078434,0.54838705
5,1,1,5,MOVE,2322,1050.1796,227.68414,0.56078434,0.54838705
5,1,1,5,MOVE,2339,1050.1796,227.68414,0.56078434,0.54838705
5,1,1,5,MOVE,2356,1050.1796,227.68414,0.56078434,0.54838705
5,1,1,5,MOVE,2372,1050.1796,227.68414,0.56078434,0.54838705
5,1,1,5,MOVE,2389,1050.1796,227.68414,0.56078434,0.54838705
5,1,1,5,MOVE,2405,1050.1796,227.68414,0.56078434,0.54838705
5,1,1,5,MOVE,2422,1050.1796,227.68414,0.56078434,0.54838705
5,1,1,5,MOVE,2438,1050.1796,227.68414,0.56078434,0.54838705
5,1,1,5,MOVE,2455,1050.1796,227.68414,0.56078434,0.54838705
5,1,1,5,MOVE,2471,1050.1796,227.68414,0.56078434,0.54838705
5,1,1,5,MOVE,2488,1050.1796,227.68414,0.56078434,0.54838705
5,1,1,5,MOVE,2505,1050.1796,227.68414,0.56078434,0.54838705
5,1,1,5,MOVE,2521,1050.1796,227.68414,0.56078434,0.54838705
5,1,1,5,MOVE,2538,1050.1796,227.68414,0.56078434,0.54838705
5,1,1,5,MOVE,2554,1050.1796,227.68414,0.56078434,0.54838705
5,1,1,5,MOVE,2571,1050.1796,227.68414,0.56078434,0.54838705
5,1,1,5,MOVE,2587,1050.1796,227.68414,0.56078434,0.54838705
5,1,1,5,MOVE,2604,1050.1796,227.68414,0.56078434,0.54838705
5,1,1,5,MOVE,2621,1050.1796,227.68414,0.56078434,0.54838705
5,1,1,5,MOVE,2637,1050.1796,227.68414,0.56078434,0.54838705
5,1,1,5,MOVE,2654,1050.1796,227.68414,0.56078434,0.54838705
5,1,1,5,MOVE,2670,1050.1796,227.68414,0.56078434,0.54838705
5,1,1,5,MOVE,2687,1050.1796,227.68414,0.56078434,0.54838705
5,1,1,5,MOVE,2703,1050.1796,227.68414,0.56078434,0.54838705
5,1,1,5,MOVE,2720,1050.1796,227.68414,0.56078434,0.54838705
5,1,1,5,MOVE,2736,1050.1796,227.68414,0.56078434,0.54838705
5,1,1,5,MOVE,2753,1050.1796,227.68414,0.56078434,0.54838705
5,1,1,5,MOVE,2770,1050.1796,227.68414,0.56078434,0.54838705
5,1,1,5,MOVE,2786,1050.1796,227.68414,0.56078434,0.54838705
5,1,1,5,MOVE,2803,1050.1796,227.68414,0.56078434,0.54838705
5,1,1,5,MOVE,2819,1050.1796,227.68414,0.56078434,0.54838705
5,1,1,5,MOVE,2836,1050.1796,227.68414,0.56078434,0.54838705
5,1,1,5,MOVE,2852,1050.1796,227.68414,0.56078434,0.54838705
5,1,1,5,MOVE,2869,1050.1796,227.68414,0.56078434,0.54838705
5,1,1,5,MOVE,2886,1050.1796,227.68414,0.56078434,0.54838705
5,1,1,5,MOVE,2902,1050.1796,227.68414,0.56078434,0.54838705
5,1,1,5,MOVE,2919,1050.1796,227.68414,0.56078434,0.54838705
5,1,1,5,MOVE,2935,1050.1796,227.68414,0.56078434,0.54838705
5,1,1,5,MOVE,2952,1050.1796,227.68414,0.56078434,0.54838705
5,1,1,5,MOVE,2968,1050.1796,227.68414,0.56078434,0.54838705
5,1,1,5,MOVE,2985,1050.1796,227.68414,0.56078434,0.54838705
5,1,1,5,MOVE,3002,1050.1796,227.68414,0.56078434,0.54838705
5,1,1,5,MOVE,3018,1050.1796,227.68414,0.56078434,0.54838705
5,1,1,5,MOVE,3035,1050.1796,227.68414,0.56078434,0.54838705
5,1,1,5,MOVE,3051,1050.1796,227.68414,0.56078434,0.54838705
5,1,1,5,MOVE,3068,1050.1796,227.68414,0.56078434,0.54838705
5,1,1,5,MOVE,3084,1050.1796,227.68414,0.56078434,0.54838705
5,1,1,5,MOVE,3101,1050.1796,227.68414,0.56078434,0.54838705
5,1,1,5,MOVE,3117,1050.1796,227.68414,0.56078434,0.54838705
5,1,1,5,MOVE,3134,1050.1796,227.68414,0.56078434,0.54838705
5,1,1,5,MOVE,3151,1050.1796,227.68414,0.56078434,0.54838705
5,1,1,5,MOVE,3167,1050.1796,227.68414,0.56078434,0.54838705
5,1,1,5,MOVE,3184,1050.1796,227.68414,0.56078434,0.54838705
5,1,1,5,MOVE,3200,1050.1796,227.68414,0.56078434,0.54838705
5,1,1,5,MOVE,3217,1050.1796,227.68414,0.56078434,0.54838705
5,1,1,5,MOVE,3233,1050.1796,227.68414,0.56078434,0.54838705
5,1,1,5,MOVE,3250,1050.1796,227.68414,0.56078434,0.54838705
5,1,1,5,MOVE,3266,1050.1796,227.68414,0.56078434,0.54838705
5,1,1,5,MOVE,3283,1050.1796,227.68414,0.56078434,0.54838705
5,1,1,5,MOVE,3300,1050.1796,227.68414,0.56078434,0.54838705
5,1,1,5,MOVE,3316,1050.1796,227.68414,0.56078434,0.54838705
5,1,1,5,MOVE,3333,1050.1796,227.68414,0.56078434,0.54838705
5,1,1,5,MOVE,3349,1050.1796,227.68414,0.56078434,0.54838705
5,1,1,5,MOVE,3366,1050.1796,227.68414,0.56078434,0.54838705
5,1,1,5,MOVE,3382,1050.1796,227.68414,0.56078434,0.54838705
5,1,1,5,MOVE,3399,1050.1796,227.68414,0.56078434,0.54838705
5,1,1,5,MOVE,3415,1050.1796,227.68414,0.56078434,0.54838705
5,1,1,5,MOVE,3432,1050.1796,227.68414,0.56078434,0.54838705
5,1,1,5,MOVE,3449,1050.1796,227.68414,0.56078434,0.54838705
5,1,1,5,MOVE,3465,1050.1796,227.68414,0.56078434,0.54838705
5,1,1,5,MOVE,3482,1050.1796,227.68414,0.56078434,0.54838705
5,1,1,5,MOVE,3498,1050.1796,227.68414,0.56078434,0.54838705
5,1,1,5,MOVE,3515,1050.1796,227.68414,0.56078434,0.54838705
5,1,1,5,MOVE,3531,1050.1796,227.68414,0.56078434,0.54838705
5,1,1,5,MOVE,3548,1050.1796,227.68414,0.56078434,0.54838705
5,1,1,5,MOVE,3565,1050.1796,227.68414,0.56078434,0.54838705
5,1,1,5,MOVE,3581,1050.1796,227.68414,0.56078434,0.54838705
5,1,1,5,MOVE,3598,1050.1796,227.68414,0.56078434,0.54838705
5,1,1,5,MOVE,3614,1050.1796,227.68414,0.56078434,0.54838705
5,1,1,5,MOVE,3631,1050.1796,227.68414,0.56078434,0.54838705
5,1,1,5,MOVE,3647,1050.1796,227.68414,0.56078434,0.54838705
5,1,1,5,MOVE,3664,1050.1796,227.68414,0.56078434,0.54838705
5,1,1,5,MOVE,3681,1050.1796,227.68414,0.56078434,0.54838705
5,1,1,5,MOVE,3697,1050.1796,227.68414,0.56078434,0.54838705
5,1,1,5,MOVE,3714,1050.1796,227.68414,0.56078434,0.54838705
5,1,1,5,MOVE,3730,1050.1796,227.68414,0.56078434,0.54838705
5,1,1,5,MOVE,3747,1050.1796,227.68414,0.56078434,0.54838705
5,1,1,5,MOVE,3763,1050.1796,227.68414,0.56078434,0.54838705
5,1,1,5,MOVE,3780,1050.1796,227.68414,0.56078434,0.54838705
5,1,1,5,MOVE,3796,1050.1796,227.68414,0.56078434,0.54838705
5,1,1,5,MOVE,3813,1050.1796,227.68414,0.56078434,0.54838705
5,1,1,5,MOVE,3830,1050.1796,227.68414,0.56078434,0.54838705
5,1,1,5,MOVE,3846,1050.1796,227.68414,0.56078434,0.54838705
5,1,1,5,MOVE,3863,1050.1796,227.68414,0.56078434,0.54838705
5,1,1,5,MOVE,3879,1050.1796,227.68414,0.56078434,0.54838705
5,1,1,5,MOVE,3896,1050.1796,227.68414,0.56078434,0.54838705
5,1,1,5,MOVE,3912,1050.1796,227.68414,0.56078434,0.54838705
5,1,1,5,MOVE,3929,1050.1796,227.68414,0.56078434,0.54838705
5,1,1,5,MOVE,3946,1050.1796,227.68414,0.56078434,0.54838705
5,1,1,5,MOVE,3962,1050.1796,227.68414,0.56078434,0.54838705
5,1,1,5,MOVE,3979,1050.1796,227.68414,0.56078434,0.54838705
5,1,1,5,MOVE,3995,1050.1796,227.68414,0.56078434,0.54838705
5,1,1,5,MOVE,4012,1050.1796,227.68414,0.56078434,0.54838705
5,1,1,5,MOVE,4028,1050.1796,227.68414,0.56078434,0.54838705
5,1,1,5,MOVE,4045,1050.1796,227.68414,0.56078434,0.54838705
5,1,1,5,MOVE,4061,1050.1796,227.68414,0.56078434,0.54838705
5,1,1,5,MOVE,4078,1050.1796,227.68414,0.56078434,0.54838705
5,1,1,5,MOVE,4095,1050.1796,227.68414,0.56078434,0.54838705
5,1,1,5,MOVE,4111,1050.1796,227.68414,0.56078434,0.54838705
5,1,1,5,MOVE,4128,1050.1796,227.68414,0.56078434,0.54838705
5,1,1,5,MOVE,4144,1050.1796,227.68414,0.56078434,0.54838705
5,1,1,5,MOVE,4161,1050.1796,227.68414,0.56078434,0.54838705
5,1,1,5,MOVE,4177,1050.1796,227.68414,0.56078434,0.54838705
5,1,1,5,MOVE,4194,1050.1796,227.68414,0.56078434,0.54838705
5,1,1,5,MOVE,4211,1050.1796,227.68414,0.56078434,0.54838705
5,1,1,5,MOVE,4227,1050.1796,227.68414,0.56078434,0.54838705
5,1,1,5,MOVE,4244,1050.1796,227.68414,0.56078434,0.54838705
5,1,1,5,MOVE,4260,1050.1796,227.68414,0.56078434,0.54838705
5,1,1,5,MOVE,4277,1050.1796,227.68414,0.56078434,0.54838705
5,1,1,5,MOVE,4293,1050.1796,227.68414,0.56078434,0.54838705
5,1,1,5,MOVE,4310,1050.1796,227.68414,0.56078434,0.54838705
5,1,1,5,MOVE,4326,1050.1796,227.68414,0.56078434,0.54838705
5,1,1,5,MOVE,4343,1050.1796,227.68414,0.56078434,0.54838705
5,1,1,5,MOVE,4360,1050.1796,227.68414,0.56078434,0.54838705
5,1,1,5,MOVE,4376,1050.1796,227.68414,0.56078434,0.54838705
5,1,1,5,MOVE,4393,1050.1796,227.68414,0.56078434,0.54838705
5,1,1,5,MOVE,4409,1050.1796,227.68414,0.56078434,0.54838705
5,1,1,5,MOVE,4426,1050.1796,227.68414,0.56078434,0.54838705
5,1,1,5,MOVE,4442,1050.1796,227.68414,0.56078434,0.54838705
5,1,1,5,MOVE,4459,1050.1796,227.68414,0.56078434,0.54838705
5,1,1,5,MOVE,4476,1050.1796,227.68414,0.56078434,0.54838705
5,1,1,5,MOVE,4492,1050.1796,227.68414,0.56078434,0.54838705
5,1,1,5,MOVE,4509,1050.1796,227.68414,0.56078434,0.54838705
5,1,1,5,MOVE,4525,1050.1796,227.68414,0.56078434,0.54838705
5,1,1,5,MOVE,4542,1050.1796,227.68414,0.56078434,0.54838705
5,1,1,5,MOVE,4558,1050.1796,227.68414,0.56078434,0.54838705
5,1,1,5,MOVE,4575,1050.1796,227.68414,0.56078434,0.54838705
5,1,1,5,MOVE,4592,1050.1796,227.68414,0.56078434,0.54838705
5,1,1,5,MOVE,4608,1050.1796,227.68414,0.56078434,0.54838705
5,1,1,5,MOVE,4625,1050.1796,227.68414,0.56078434,0.54838705
5,1,1,5,MOVE,4641,1050.1796,227.68414,0.56078434,0.54838705
5,1,1,5,MOVE,4658,1050.1796,227.68414,0.56078434,0.54838705
5,1,1,5,MOVE,4674,1050.1796,227.68414,0.56078434,0.54838705
5,1,1,5,MOVE,4691,1050.1796,227.68414,0.56078434,0.54838705
5,1,1,5,MOVE,4707,1050.1796,227.68414,0.56078434,0.54838705
5,1,1,5,MOVE,4724,1050.1796,227.68414,0.56078434,0.54838705
5,1,1,5,MOVE,4741,1050.1796,227.68414,0.56078434,0.54838705
5,1,1,5,MOVE,4757,1050.1796,227.68414,0.56078434,0.54838705
5,1,1,5,MOVE,4774,1050.1796,227.68414,0.56078434,0.54838705
5,1,1,5,MOVE,4790,1050.1796,227.68414,0.56078434,0.54838705
5,1,1,5,MOVE,4807,1050.1796,227.68414,0.56078434,0.54838705
5,1,1,5,MOVE,4823,1050.1796,227.68414,0.56078434,0.54838705
5,1,1,5,MOVE,4840,1050.1796,227.68414,0.56078434,0.54838705
5,1,1,5,MOVE,4857,1050.1796,227.68414,0.56078434,0.54838705
5,1,1,5,MOVE,4873,1050.1796,227.68414,0.56078434,0.54838705
5,1,1,5,MOVE,4890,1050.1796,227.68414,0.56078434,0.54838705
6,0,1,5,MOVE,4906,1050.1796,227.68414,0.56078434,0.54838705
6,0,1,5,MOVE,4923,1050.1796,227.68414,0.56078434,0.54838705
6,0,1,5,MOVE,4939,1050.1796,227.68414,0.56078434,0.54838705
6,0,1,5,MOVE,4956,1050.1796,227.68414,0.56078434,0.54838705
6,0,1,5,MOVE,4972,1050.1796,227.68414,0.56078434,0.54838705
6,0,1,5,MOVE,4989,1050.1796,227.68414,0.56078434,0.54838705
6,0,1,5,MOVE,5006,1050.1796,227.68414,0.56078434,0.54838705
6,0,1,5,MOVE,5022,1050.1796,227.68414,0.56078434,0.54838705
6,0,1,5,MOVE,5039,1050.1796,227.68414,0.56078434,0.54838705
6,0,1,5,MOVE,5055,1050.1796,227.68414,0.56078434,0.54838705
6,0,1,5,MOVE,5072,1050.1796,227.68414,0.56078434,0.54838705
6,0,1,5,MOVE,5088,1050.1796,227.68414,0.56078434,0.54838705
6,0,1,5,MOVE,5105,1050.1796,227.68414,0.56078434,0.54838705
6,0,1,5,MOVE,5121,1050.1796,227.68414,0.56078434,0.54838705
6,0,1,5,MOVE,5138,1050.1796,227.68414,0.56078434,0.54838705
6,0,1,5,MOVE,5155,1050.1796,227.68414,0.56078434,0.54838705
6,0,1,5,MOVE,5171,1050.1796,227.68414,0.56078434,0.54838705
6,0,1,5,MOVE,5188,1050.1796,227.68414,0.56078434,0.54838705
6,0,1,5,MOVE,5204,1050.1796,227.68414,0.56078434,0.54838705
6,0,1,5,MOVE,5221,1050.1796,227.68414,0.56078434,0.54838705
6,0,1,5,MOVE,5237,1050.1796,227.68414,0.56078434,0.54838705
6,0,1,5,MOVE,5254,1050.1796,227.68414,0.56078434,0.54838705
6,0,1,5,MOVE,5271,1050.1796,227.68414,0.56078434,0.54838705
6,0,1,5,MOVE,5287,1050.1796,227.68414,0.56078434,0.54838705
6,0,1,5,MOVE,5304,1050.1796,227.68414,0.56078434,0.54838705
6,0,1,5,MOVE,5320,1050.1796,227.68414,0.56078434,0.54838705
6,0,1,5,MOVE,5337,1050.1796,227.68414,0.56078434,0.54838705
6,0,1,5,MOVE,5353,1050.1796,226.6854,0.56078434,0.54838705
6,0,1,5,MOVE,5370,1050.1796,225.18742,0.56078434,0.54838705
6,0,1,5,MOVE,5386,1050.1796,224.6879,0.5568628,0.54838705
6,0,1,5,MOVE,5397,1050.1796,223.68915,0.53333336,0.54838705
6,0,1,5,UP,5407,1050.1796,223.68915,0.53333336,0.54838705
6,1,1,6,DOWN,0,52.958626,411.45444,0.050980397,0.41935483
6,1,1,6,MOVE,15,52.958626,411.45444,0.09019608,0.7419355
6,1,1,6,MOVE,32,52.958626,411.45444,0.16078432,0.16129032
6,1,1,6,MOVE,48,52.958626,411.45444,0.18823531,0.19354838
6,1,1,6,MOVE,65,52.958626,411.45444,0.227451,0.22580644
6,1,1,6,MOVE,81,52.958626,411.45444,0.2392157,0.22580644
6,1,1,6,MOVE,98,52.958626,411.45444,0.25882354,0.2580645
6,1,1,6,MOVE,114,58.090473,414.80212,0.26666668,0.2580645
6,1,1,6,MOVE,131,65.59213,419.4305,0.2901961,0.29032257
6,1,1,6,MOVE,148,75.25465,426.86307,0.3019608,0.29032257
6,1,1,6,MOVE,164,83.12538,433.17953,0.32156864,0.32258064
6,1,1,6,MOVE,181,92.88125,440.3798,0.32941177,0.32258064
6,1,1,6,MOVE,197,106.322525,447.11267,0.34509805,0.3548387
6,1,1,6,MOVE,214,121.84675,454.87112,0.35686275,0.3548387
6,1,1,6,MOVE,230,133.799,459.6953,0.36078432,0.3548387
6,1,1,6,MOVE,247,141.88235,462.78757,0.36862746,0.3548387
6,1,1,6,MOVE,263,148.96678,465.1581,0.37647063,0.38709676
6,1,1,6,MOVE,280,155.08525,467.98697,0.3921569,0.38709676
6,1,1,6,MOVE,297,159.4672,468.38327,0.40000004,0.38709676
6,1,1,6,MOVE,313,162.70398,469.79706,0.4156863,0.41935483
6,1,1,6,MOVE,330,166.79741,469.38202,0.42352945,0.41935483
6,1,1,6,MOVE,346,169.9089,468.38327,0.43921572,0.4516129
6,1,1,6,MOVE,363,173.01743,467.30832,0.45882356,0.4516129
6,1,1,6,MOVE,379,176.1358,465.11395,0.47058827,0.48387095
6,1,1,6,MOVE,396,179.20787,463.2158,0.4901961,0.48387095
6,1,1,6,MOVE,413,181.60016,459.90982,0.49803925,0.48387095
6,1,1,6,MOVE,429,184.43106,456.82257,0.5137255,0.516129
6,1,1,6,MOVE,446,185.70021,453.71103,0.5176471,0.516129
6,1,1,6,MOVE,462,188.63254,449.23737,0.5254902,0.516129
6,1,1,6,MOVE,479,189.80472,445.55283,0.5294118,0.516129
6,1,1,6,MOVE,495,192.85397,440.40897,0.5372549,0.54838705
6,1,1,6,MOVE,512,195.95651,433.15332,0.5372549,0.54838705
6,1,1,6,MOVE,528,199.06424,423.77975,0.5372549,0.54838705
6,1,1,6,MOVE,545,201.01479,414.4198,0.5372549,0.54838705
6,1,1,6,MOVE,562,203.57161,405.07843,0.5411765,0.54838705
6,1,1,6,MOVE,578,205.11327,395.8329,0.54901963,0.54838705
6,1,1,6,MOVE,595,206.66882,386.50394,0.5529412,0.54838705
6,1,1,6,MOVE,611,208.21837,377.21103,0.5568628,0.54838705
6,1,1,6,MOVE,628,209.77422,368.81723,0.5568628,0.54838705
6,1,1,6,MOVE,644,211.3349,361.01752,0.56078434,0.54838705
6,1,1,6,MOVE,661,211.86745,354.36093,0.56078434,0.54838705
6,1,1,6,MOVE,678,211.8345,347.13977,0.56078434,0.54838705
6,1,1,6,MOVE,694,212.99464,340.89847,0.56078434,0.54838705
6,1,1,6,MOVE,711,212.83372,333.7318,0.56078434,0.54838705
6,1,1,6,MOVE,727,214.08661,327.54385,0.56078434,0.54838705
6,1,1,6,MOVE,744,213.83295,322.1398,0.56078434,0.54838705
6,1,1,6,MOVE,760,213.83295,317.49167,0.56078434,0.54838705
6,1,1,6,MOVE,777,212.92395,312.8486,0.56078434,0.54838705
6,1,1,6,MOVE,794,212.83372,308.1706,0.5568628,0.54838705
6,1,1,6,MOVE,810,210.81146,303.51782,0.5568628,0.54838705
6,1,1,6,MOVE,827,210.25867,300.4391,0.5568628,0.54838705
6,1,1,6,MOVE,843,209.83606,297.33667,0.5568628,0.54838705
6,1,1,6,MOVE,860,208.83685,294.23572,0.5568628,0.54838705
6,1,1,6,MOVE,876,208.83685,291.1458,0.5568628,0.54838705
6,1,1,6,MOVE,893,208.83685,288.8229,0.5568628,0.54838705
6,1,1,6,MOVE,910,208.83685,285.91837,0.56078434,0.54838705
6,1,1,6,MOVE,926,208.83685,283.72543,0.56078434,0.54838705
6,1,1,6,MOVE,943,208.83685,280.73352,0.56078434,0.54838705
6,1,1,6,MOVE,959,207.83165,278.6145,0.56078434,0.54838705
6,1,1,6,MOVE,976,207.29277,275.53378,0.56078434,0.54838705
6,1,1,6,MOVE,992,206.83841,273.5301,0.56078434,0.54838705
6,1,1,6,MOVE,1009,205.83919,270.3197,0.56078434,0.54838705
6,1,1,6,MOVE,1025,205.83919,268.4367,0.56078434,0.54838705
6,1,1,6,MOVE,1042,204.83997,265.10886,0.56078434,0.54838705
6,1,1,6,MOVE,1059,203.53535,263.33398,0.56078434,0.54838705
6,1,1,6,MOVE,1075,203.84074,259.9189,0.56078434,0.54838705
6,1,1,6,MOVE,1092,203.84074,258.2309,0.56078434,0.54838705
6,1,1,6,MOVE,1108,202.86108,254.68954,0.56078434,0.54838705
6,1,1,6,MOVE,1125,202.31813,252.60541,0.56078434,0.54838705
6,1,1,6,MOVE,1141,201.84232,250.5802,0.56078434,0.54838705
6,1,1,6,MOVE,1158,201.20738,250.02081,0.56078434,0.54838705
6,1,1,6,MOVE,1175,200.8431,248.47714,0.56078434,0.54838705
6,1,1,6,MOVE,1191,200.8431,247.91962,0.56078434,0.54838705
6,1,1,6,MOVE,1208,200.8431,246.37631,0.56078434,0.54838705
6,1,1,6,MOVE,1224,200.8431,245.8201,0.56078434,0.54838705
6,1,1,6,MOVE,1241,200.8431,244.2575,0.56078434,0.54838705
6,1,1,6,MOVE,1257,200.8431,243.72064,0.56078434,0.54838705
6,1,1,6,MOVE,1274,200.8431,242.66544,0.56078434,0.54838705
6,1,1,6,MOVE,1290,200.8431,241.6224,0.56078434,0.54838705
6,1,1,6,MOVE,1307,200.24045,240.66791,0.56078434,0.54838705
6,1,1,6,MOVE,1324,199.84387,239.50986,0.56078434,0.54838705
6,1,1,6,MOVE,1340,199.84387,238.67041,0.56078434,0.54838705
6,1,1,6,MOVE,1357,198.58698,237.41412,0.56078434,0.54838705
6,1,1,6,MOVE,1373,198.84465,236.67291,0.56078434,0.54838705
6,1,1,6,MOVE,1390,198.84465,235.3045,0.56078434,0.54838705
6,1,1,6,MOVE,1406,198.84465,234.67542,0.56078434,0.54838705
6,1,1,6,MOVE,1423,198.84465,233.21295,0.56078434,0.54838705
6,1,1,6,MOVE,1440,198.84465,232.67792,0.56078434,0.54838705
6,1,1,6,MOVE,1456,198.84465,231.09772,0.56078434,0.54838705
6,1,1,6,MOVE,1473,198.84465,230.6804,0.56078434,0.54838705
6,1,1,6,MOVE,1489,198.84465,228.98859,0.56078434,0.54838705
6,1,1,6,MOVE,1506,198.84465,228.6829,0.56078434,0.54838705
6,1,1,6,MOVE,1522,198.84465,228.6829,0.56078434,0.54838705
6,1,1,6,MOVE,1539,198.84465,228.6829,0.56078434,0.54838705
6,1,1,6,MOVE,1555,197.84543,228.6829,0.56078434,0.54838705
6,1,1,6,MOVE,1572,197.84543,228.6829,0.56078434,0.54838705
6,1,1,6,MOVE,1589,196.8462,228.6829,0.56078434,0.54838705
6,1,1,6,MOVE,1605,196.28969,228.6829,0.56078434,0.54838705
6,1,1,6,MOVE,1622,195.847,228.6829,0.56078434,0.54838705
6,1,1,6,MOVE,1638,194.84778,228.6829,0.56078434,0.54838705
6,1,1,6,MOVE,1655,194.84778,228.6829,0.56078434,0.54838705
6,1,1,6,MOVE,1671,194.84778,228.6829,0.56078434,0.54838705
6,1,1,6,MOVE,1688,194.84778,228.6829,0.56078434,0.54838705
6,1,1,6,MOVE,1705,193.97473,228.6829,0.56078434,0.54838705
6,1,1,6,MOVE,1721,193.84856,228.6829,0.56078434,0.54838705
6,1,1,6,MOVE,1738,192.8593,228.6829,0.56078434,0.54838705
6,1,1,6,MOVE,1754,192.32007,228.6829,0.56078434,0.54838705
6,1,1,6,MOVE,1771,191.85011,228.6829,0.56078434,0.54838705
6,1,1,6,MOVE,1787,190.85089,228.6829,0.56078434,0.54838705
6,1,1,6,MOVE,1804,190.85089,228.6829,0.56078434,0.54838705
6,1,1,6,MOVE,1820,190.85089,228.6829,0.56078434,0.54838705
6,1,1,6,MOVE,1837,190.85089,228.6829,0.56078434,0.54838705
6,1,1,6,MOVE,1854,190.85089,228.6829,0.56078434,0.54838705
6,1,1,6,MOVE,1870,190.85089,228.6829,0.56078434,0.54838705
6,1,1,6,MOVE,1887,190.85089,228.6829,0.56078434,0.54838705
6,1,1,6,MOVE,1903,190.85089,228.6829,0.56078434,0.54838705
6,1,1,6,MOVE,1920,190.85089,228.6829,0.56078434,0.54838705
6,1,1,6,MOVE,1936,190.85089,228.6829,0.56078434,0.54838705
6,1,1,6,MOVE,1953,190.85089,228.6829,0.56078434,0.54838705
6,1,1,6,MOVE,1970,190.85089,228.6829,0.56078434,0.54838705
6,1,1,6,MOVE,1986,190.85089,228.6829,0.56078434,0.54838705
6,1,1,6,MOVE,2003,190.85089,228.6829,0.56078434,0.54838705
6,1,1,6,MOVE,2019,190.85089,228.6829,0.56078434,0.54838705
6,1,1,6,MOVE,2036,190.85089,228.6829,0.56078434,0.54838705
6,1,1,6,MOVE,2052,190.85089,228.6829,0.56078434,0.54838705
6,1,1,6,MOVE,2069,190.85089,228.6829,0.56078434,0.54838705
6,1,1,6,MOVE,2085,190.85089,228.6829,0.56078434,0.54838705
6,1,1,6,MOVE,2102,190.85089,228.6829,0.56078434,0.54838705
6,1,1,6,MOVE,2119,190.85089,228.6829,0.56078434,0.54838705
6,1,1,6,MOVE,2135,190.85089,228.6829,0.56078434,0.54838705
6,1,1,6,MOVE,2152,190.85089,228.6829,0.56078434,0.54838705
6,1,1,6,MOVE,2168,190.85089,228.6829,0.56078434,0.54838705
6,1,1,6,MOVE,2185,190.85089,228.6829,0.56078434,0.54838705
6,1,1,6,MOVE,2201,190.85089,228.6829,0.56078434,0.54838705
6,1,1,6,MOVE,2218,190.85089,228.6829,0.56078434,0.54838705
6,1,1,6,MOVE,2235,190.85089,228.6829,0.56078434,0.54838705
6,1,1,6,MOVE,2251,190.85089,228.6829,0.56078434,0.54838705
6,1,1,6,MOVE,2268,190.85089,228.6829,0.56078434,0.54838705
6,1,1,6,MOVE,2284,190.85089,228.6829,0.56078434,0.54838705
6,1,1,6,MOVE,2301,190.85089,228.6829,0.56078434,0.54838705
6,1,1,6,MOVE,2317,190.85089,228.6829,0.56078434,0.54838705
6,1,1,6,MOVE,2334,190.85089,228.6829,0.56078434,0.54838705
6,1,1,6,MOVE,2351,190.85089,228.6829,0.56078434,0.54838705
6,1,1,6,MOVE,2367,190.85089,228.6829,0.56078434,0.54838705
6,1,1,6,MOVE,2384,190.85089,228.6829,0.56078434,0.54838705
6,1,1,6,MOVE,2400,190.85089,228.6829,0.56078434,0.54838705
6,1,1,6,MOVE,2417,190.85089,228.6829,0.56078434,0.54838705
6,1,1,6,MOVE,2433,190.85089,228.6829,0.56078434,0.54838705
6,1,1,6,MOVE,2450,190.85089,228.6829,0.56078434,0.54838705
6,1,1,6,MOVE,2466,190.85089,228.6829,0.56078434,0.54838705
6,1,1,6,MOVE,2483,190.85089,228.6829,0.56078434,0.54838705
6,1,1,6,MOVE,2500,190.85089,228.6829,0.56078434,0.54838705
6,1,1,6,MOVE,2516,190.85089,228.6829,0.56078434,0.54838705
6,1,1,6,MOVE,2533,190.85089,228.6829,0.56078434,0.54838705
6,1,1,6,MOVE,2549,190.85089,228.6829,0.56078434,0.54838705
6,1,1,6,MOVE,2566,190.85089,228.6829,0.56078434,0.54838705
6,1,1,6,MOVE,2582,190.85089,228.6829,0.56078434,0.54838705
6,1,1,6,MOVE,2599,190.85089,228.6829,0.56078434,0.54838705
6,1,1,6,MOVE,2615,190.85089,228.6829,0.56078434,0.54838705
6,1,1,6,MOVE,2632,190.85089,228.6829,0.56078434,0.54838705
6,1,1,6,MOVE,2649,190.85089,228.6829,0.56078434,0.54838705
6,1,1,6,MOVE,2665,190.85089,228.6829,0.56078434,0.54838705
6,1,1,6,MOVE,2682,190.85089,228.6829,0.56078434,0.54838705
6,1,1,6,MOVE,2698,190.85089,228.6829,0.56078434,0.54838705
6,1,1,6,MOVE,2715,190.85089,228.6829,0.56078434,0.54838705
6,1,1,6,MOVE,2731,190.85089,228.6829,0.56078434,0.54838705
6,1,1,6,MOVE,2748,190.85089,228.6829,0.56078434,0.54838705
6,1,1,6,MOVE,2764,190.85089,228.6829,0.56078434,0.54838705
6,1,1,6,MOVE,2781,190.85089,228.6829,0.56078434,0.54838705
6,1,1,6,MOVE,2798,190.85089,228.6829,0.56078434,0.54838705
6,1,1,6,MOVE,2814,190.85089,228.6829,0.56078434,0.54838705
6,1,1,6,MOVE,2831,190.85089,228.6829,0.56078434,0.54838705
6,1,1,6,MOVE,2847,190.85089,228.6829,0.56078434,0.54838705
6,1,1,6,MOVE,2864,190.85089,228.6829,0.56078434,0.54838705
6,1,1,6,MOVE,2880,190.85089,228.6829,0.56078434,0.54838705
6,1,1,6,MOVE,2897,190.85089,228.6829,0.56078434,0.54838705
6,1,1,6,MOVE,2914,190.85089,228.6829,0.56078434,0.54838705
6,1,1,6,MOVE,2930,190.85089,228.6829,0.56078434,0.54838705
6,1,1,6,MOVE,2947,190.85089,228.6829,0.56078434,0.54838705
6,1,1,6,MOVE,2963,190.85089,228.6829,0.56078434,0.54838705
6,1,1,6,MOVE,2980,190.85089,228.6829,0.56078434,0.54838705
6,1,1,6,MOVE,2996,190.85089,228.6829,0.56078434,0.54838705
6,1,1,6,MOVE,3013,190.85089,228.6829,0.56078434,0.54838705
6,1,1,6,MOVE,3030,190.85089,228.6829,0.56078434,0.54838705
6,1,1,6,MOVE,3046,190.85089,228.6829,0.56078434,0.54838705
6,1,1,6,MOVE,3063,190.85089,228.6829,0.56078434,0.54838705
6,1,1,6,MOVE,3079,190.85089,228.6829,0.56078434,0.54838705
6,1,1,6,MOVE,3096,190.85089,228.6829,0.56078434,0.54838705
6,1,1,6,MOVE,3112,190.85089,228.6829,0.56078434,0.54838705
6,1,1,6,MOVE,3129,190.85089,228.6829,0.56078434,0.54838705
6,1,1,6,MOVE,3145,190.85089,228.6829,0.56078434,0.54838705
6,1,1,6,MOVE,3162,190.85089,228.6829,0.56078434,0.54838705
6,1,1,6,MOVE,3179,190.85089,228.6829,0.56078434,0.54838705
6,1,1,6,MOVE,3195,190.85089,228.6829,0.56078434,0.54838705
6,1,1,6,MOVE,3212,190.85089,228.6829,0.56078434,0.54838705
6,1,1,6,MOVE,3228,190.85089,228.6829,0.56078434,0.54838705
6,1,1,6,MOVE,3245,190.85089,228.6829,0.56078434,0.54838705
6,1,1,6,MOVE,3261,190.85089,227.68414,0.56078434,0.54838705
6,1,1,6,MOVE,3278,190.85089,226.277,0.56078434,0.54838705
6,1,1,6,MOVE,3295,190.85089,225.68665,0.56078434,0.54838705
6,1,1,6,MOVE,3311,190.85089,224.18492,0.56078434,0.54838705
6,1,1,6,MOVE,3328,190.85089,223.68915,0.56078434,0.54838705
6,1,1,6,MOVE,3344,190.85089,222.07211,0.5568628,0.54838705
6,1,1,6,MOVE,3361,190.85089,221.69164,0.54901963,0.54838705
6,1,1,6,MOVE,3377,190.85089,219.96922,0.54509807,0.54838705
6,1,1,6,MOVE,3394,190.85089,219.69414,0.54509807,0.54838705
6,1,1,6,MOVE,3410,190.85089,219.69414,0.54509807,0.54838705
6,1,1,6,MOVE,3427,190.85089,219.69414,0.54509807,0.54838705
6,1,1,6,MOVE,3444,190.85089,219.69414,0.54509807,0.54838705
6,1,1,6,MOVE,3460,190.85089,219.69414,0.54901963,0.54838705
6,1,1,6,MOVE,3477,190.85089,221.72098,0.5529412,0.54838705
6,1,1,6,MOVE,3493,190.85089,223.27815,0.5529412,0.54838705
6,1,1,6,MOVE,3510,190.85089,224.84012,0.5529412,0.54838705
6,1,1,6,MOVE,3526,190.85089,226.3863,0.5529412,0.54838705
6,1,1,6,MOVE,3543,190.85089,227.92897,0.54901963,0.54838705
6,1,1,6,MOVE,3560,190.85089,228.6829,0.54509807,0.54838705
6,1,1,6,MOVE,3576,190.85089,228.6829,0.53333336,0.54838705
6,1,1,6,MOVE,3593,190.85089,228.6829,0.5254902,0.516129
6,1,1,6,MOVE,3609,190.85089,228.6829,0.5019608,0.516129
6,1,1,6,MOVE,3626,190.85089,228.6829,0.47450984,0.48387095
6,1,1,6,MOVE,3642,190.85089,228.6829,0.454902,0.4516129
6,1,1,6,MOVE,3659,190.85089,228.6829,0.4156863,0.41935483
6,1,1,6,MOVE,3675,190.85089,228.6829,0.40000004,0.38709676
6,1,1,6,MOVE,3692,189.62505,228.6829,0.37254903,0.3548387
6,1,1,6,MOVE,3709,189.85168,228.6829,0.3647059,0.3548387
6,1,1,6,MOVE,3725,189.85168,228.6829,0.37254903,0.3548387
6,1,1,6,MOVE,3742,189.85168,228.6829,0.3803922,0.38709676
6,1,1,6,MOVE,3758,189.85168,228.6829,0.39607847,0.38709676
6,1,1,6,MOVE,3775,189.85168,230.68495,0.39607847,0.38709676
6,1,1,6,MOVE,3791,189.85168,231.22083,0.39607847,0.38709676
6,1,1,6,MOVE,3808,189.85168,231.67917,0.40784317,0.41935483
6,1,1,6,MOVE,3825,189.85168,231.67917,0.41960788,0.41935483
6,1,1,6,MOVE,3841,189.85168,231.67917,0.454902,0.4516129
6,1,1,6,MOVE,3858,189.85168,231.67917,0.47058827,0.48387095
6,1,1,6,MOVE,3874,189.85168,231.67917,0.49411768,0.48387095
6,1,1,6,MOVE,3891,189.85168,231.67917,0.5058824,0.516129
6,1,1,6,MOVE,3907,189.85168,231.67917,0.52156866,0.516129
6,1,1,6,MOVE,3924,189.85168,230.71367,0.5294118,0.516129
6,1,1,6,MOVE,3940,189.85168,230.1544,0.5372549,0.54838705
6,1,1,6,MOVE,3957,189.85168,228.61345,0.5372549,0.54838705
6,1,1,6,MOVE,3974,189.85168,228.05316,0.53333336,0.54838705
6,1,1,6,MOVE,3990,189.85168,226.50574,0.5176471,0.516129
6,1,1,6,MOVE,4007,189.85168,225.954,0.5019608,0.516129
6,1,1,6,MOVE,4010,189.85168,225.68665,0.4666667,0.4516129
6,1,1,6,UP,4020,189.85168,225.68665,0.4666667,0.4516129
6,2,1,1,DOWN,0,220.82748,219.69414,0.26666668,0.2580645
6,2,1,1,MOVE,16,220.82748,219.69414,0.29803923,0.29032257
6,2,1,1,MOVE,32,220.82748,219.69414,0.35686275,0.3548387
6,2,1,1,MOVE,49,220.22427,219.69414,0.3803922,0.38709676
6,2,1,1,MOVE,65,219.82826,219.69414,0.4156863,0.41935483
6,2,1,1,MOVE,82,218.82904,219.69414,0.427451,0.41935483
6,2,1,1,MOVE,98,218.82904,219.69414,0.43921572,0.4516129
6,2,1,1,MOVE,115,218.82904,219.69414,0.4431373,0.4516129
6,2,1,1,MOVE,132,218.82904,218.32031,0.45098042,0.4516129
6,2,1,1,MOVE,148,218.82904,218.69539,0.454902,0.4516129
6,2,1,1,MOVE,165,218.82904,218.69539,0.46274513,0.4516129
6,2,1,1,MOVE,181,218.82904,217.67041,0.46274513,0.4516129
6,2,1,1,MOVE,198,218.82904,217.11357,0.46274513,0.4516129
6,2,1,1,MOVE,214,218.82904,215.54662,0.45882356,0.4516129
6,2,1,1,MOVE,231,217.82982,215.69913,0.454902,0.4516129
6,2,1,1,MOVE,247,216.59235,215.69913,0.4431373,0.4516129
6,2,1,1,MOVE,264,215.83138,215.69913,0.43529415,0.41935483
6,2,1,1,MOVE,281,214.47957,215.69913,0.40000004,0.38709676
6,2,1,1,MOVE,297,213.83295,215.69913,0.3803922,0.38709676
6,2,1,1,MOVE,314,212.3786,215.69913,0.3529412,0.3548387
6,2,1,1,MOVE,330,211.8345,217.72314,0.34901962,0.3548387
6,2,1,1,MOVE,347,210.27243,219.25797,0.35686275,0.3548387
6,2,1,1,MOVE,363,209.83606,220.80505,0.3803922,0.38709676
6,2,1,1,MOVE,380,209.83606,222.36401,0.3921569,0.38709676
6,2,1,1,MOVE,396,209.83606,223.90327,0.4156863,0.41935483
6,2,1,1,MOVE,413,209.83606,225.4652,0.427451,0.41935483
6,2,1,1,MOVE,430,209.83606,225.68665,0.45098042,0.4516129
6,2,1,1,MOVE,446,209.83606,225.68665,0.46274513,0.4516129
6,2,1,1,MOVE,463,209.83606,225.68665,0.4784314,0.48387095
6,2,1,1,MOVE,479,208.83685,225.68665,0.4901961,0.48387095
6,2,1,1,MOVE,496,208.83685,225.68665,0.50980395,0.516129
6,2,1,1,MOVE,512,208.83685,225.68665,0.5254902,0.516129
6,2,1,1,MOVE,529,208.83685,225.68665,0.53333336,0.54838705
6,2,1,1,MOVE,546,208.83685,225.68665,0.5411765,0.54838705
6,2,1,1,MOVE,562,208.83685,225.68665,0.54509807,0.54838705
6,2,1,1,MOVE,579,208.83685,225.68665,0.5529412,0.54838705
6,2,1,1,MOVE,595,208.83685,225.68665,0.5568628,0.54838705
6,2,1,1,MOVE,612,208.83685,225.68665,0.56078434,0.54838705
6,2,1,1,MOVE,628,208.83685,225.68665,0.56078434,0.54838705
6,2,1,1,MOVE,645,208.83685,225.68665,0.56078434,0.54838705
6,2,1,1,MOVE,661,208.83685,225.68665,0.56078434,0.54838705
6,2,1,1,MOVE,678,208.21901,225.68665,0.56078434,0.54838705
6,2,1,1,MOVE,695,207.83763,225.68665,0.56078434,0.54838705
6,2,1,1,MOVE,711,207.11372,225.68665,0.56078434,0.54838705
6,2,1,1,MOVE,728,206.83841,225.68665,0.56078434,0.54838705
6,2,1,1,MOVE,744,206.83841,225.68665,0.56078434,0.54838705
TPS: 6
